Copyright 1986-2022 Xilinx, Inc. All Rights Reserved. Copyright 2022-2023 Advanced Micro Devices, Inc. All Rights Reserved.
---------------------------------------------------------------------------------------------------------------------------------------------------------------------------------------------------------------------------------------
| Tool Version : Vivado v.2023.2 (win64) Build 4029153 Fri Oct 13 20:14:34 MDT 2023
| Date         : Tue Jul 29 11:21:33 2025
| Host         : LAPTOP-HUIHR0D6 running 64-bit major release  (build 9200)
| Command      : report_timing_summary -max_paths 10 -report_unconstrained -file top_encryption_timing_summary_routed.rpt -pb top_encryption_timing_summary_routed.pb -rpx top_encryption_timing_summary_routed.rpx -warn_on_violation
| Design       : top_encryption
| Device       : 7a100t-csg324
| Speed File   : -1  PRODUCTION 1.23 2018-06-13
| Design State : Routed
---------------------------------------------------------------------------------------------------------------------------------------------------------------------------------------------------------------------------------------

Timing Summary Report

------------------------------------------------------------------------------------------------
| Timer Settings
| --------------
------------------------------------------------------------------------------------------------

  Enable Multi Corner Analysis               :  Yes
  Enable Pessimism Removal                   :  Yes
  Pessimism Removal Resolution               :  Nearest Common Node
  Enable Input Delay Default Clock           :  No
  Enable Preset / Clear Arcs                 :  No
  Disable Flight Delays                      :  No
  Ignore I/O Paths                           :  No
  Timing Early Launch at Borrowing Latches   :  No
  Borrow Time for Max Delay Exceptions       :  Yes
  Merge Timing Exceptions                    :  Yes
  Inter-SLR Compensation                     :  Conservative

  Corner  Analyze    Analyze    
  Name    Max Paths  Min Paths  
  ------  ---------  ---------  
  Slow    Yes        Yes        
  Fast    Yes        Yes        


------------------------------------------------------------------------------------------------
| Report Methodology
| ------------------
------------------------------------------------------------------------------------------------

Rule       Severity  Description                    Violations  
---------  --------  -----------------------------  ----------  
TIMING-18  Warning   Missing input or output delay  137         

Note: This report is based on the most recent report_methodology run and may not be up-to-date. Run report_methodology on the current design for the latest report.



check_timing report

Table of Contents
-----------------
1. checking no_clock (0)
2. checking constant_clock (0)
3. checking pulse_width_clock (0)
4. checking unconstrained_internal_endpoints (0)
5. checking no_input_delay (134)
6. checking no_output_delay (3)
7. checking multiple_clock (0)
8. checking generated_clocks (0)
9. checking loops (0)
10. checking partial_input_delay (0)
11. checking partial_output_delay (0)
12. checking latch_loops (0)

1. checking no_clock (0)
------------------------
 There are 0 register/latch pins with no clock.


2. checking constant_clock (0)
------------------------------
 There are 0 register/latch pins with constant_clock.


3. checking pulse_width_clock (0)
---------------------------------
 There are 0 register/latch pins which need pulse_width check


4. checking unconstrained_internal_endpoints (0)
------------------------------------------------
 There are 0 pins that are not constrained for maximum delay.

 There are 0 pins that are not constrained for maximum delay due to constant clock.


5. checking no_input_delay (134)
--------------------------------
 There are 134 input ports with no input delay specified. (HIGH)

 There are 0 input ports with no input delay but user has a false path constraint.


6. checking no_output_delay (3)
-------------------------------
 There are 3 ports with no output delay specified. (HIGH)

 There are 0 ports with no output delay but user has a false path constraint

 There are 0 ports with no output delay but with a timing clock defined on it or propagating through it


7. checking multiple_clock (0)
------------------------------
 There are 0 register/latch pins with multiple clocks.


8. checking generated_clocks (0)
--------------------------------
 There are 0 generated clocks that are not connected to a clock source.


9. checking loops (0)
---------------------
 There are 0 combinational loops in the design.


10. checking partial_input_delay (0)
------------------------------------
 There are 0 input ports with partial input delay specified.


11. checking partial_output_delay (0)
-------------------------------------
 There are 0 ports with partial output delay specified.


12. checking latch_loops (0)
----------------------------
 There are 0 combinational latch loops in the design through latch input



------------------------------------------------------------------------------------------------
| Design Timing Summary
| ---------------------
------------------------------------------------------------------------------------------------

    WNS(ns)      TNS(ns)  TNS Failing Endpoints  TNS Total Endpoints      WHS(ns)      THS(ns)  THS Failing Endpoints  THS Total Endpoints     WPWS(ns)     TPWS(ns)  TPWS Failing Endpoints  TPWS Total Endpoints  
    -------      -------  ---------------------  -------------------      -------      -------  ---------------------  -------------------     --------     --------  ----------------------  --------------------  
      1.196        0.000                      0                 4832        0.070        0.000                      0                 4832        4.500        0.000                       0                  2354  


All user specified timing constraints are met.


------------------------------------------------------------------------------------------------
| Clock Summary
| -------------
------------------------------------------------------------------------------------------------

Clock        Waveform(ns)       Period(ns)      Frequency(MHz)
-----        ------------       ----------      --------------
sys_clk_pin  {0.000 5.000}      10.000          100.000         


------------------------------------------------------------------------------------------------
| Intra Clock Table
| -----------------
------------------------------------------------------------------------------------------------

Clock             WNS(ns)      TNS(ns)  TNS Failing Endpoints  TNS Total Endpoints      WHS(ns)      THS(ns)  THS Failing Endpoints  THS Total Endpoints     WPWS(ns)     TPWS(ns)  TPWS Failing Endpoints  TPWS Total Endpoints  
-----             -------      -------  ---------------------  -------------------      -------      -------  ---------------------  -------------------     --------     --------  ----------------------  --------------------  
sys_clk_pin         1.196        0.000                      0                 4832        0.070        0.000                      0                 4832        4.500        0.000                       0                  2354  


------------------------------------------------------------------------------------------------
| Inter Clock Table
| -----------------
------------------------------------------------------------------------------------------------

From Clock    To Clock          WNS(ns)      TNS(ns)  TNS Failing Endpoints  TNS Total Endpoints      WHS(ns)      THS(ns)  THS Failing Endpoints  THS Total Endpoints  
----------    --------          -------      -------  ---------------------  -------------------      -------      -------  ---------------------  -------------------  


------------------------------------------------------------------------------------------------
| Other Path Groups Table
| -----------------------
------------------------------------------------------------------------------------------------

Path Group    From Clock    To Clock          WNS(ns)      TNS(ns)  TNS Failing Endpoints  TNS Total Endpoints      WHS(ns)      THS(ns)  THS Failing Endpoints  THS Total Endpoints  
----------    ----------    --------          -------      -------  ---------------------  -------------------      -------      -------  ---------------------  -------------------  


------------------------------------------------------------------------------------------------
| User Ignored Path Table
| -----------------------
------------------------------------------------------------------------------------------------

Path Group    From Clock    To Clock    
----------    ----------    --------    


------------------------------------------------------------------------------------------------
| Unconstrained Path Table
| ------------------------
------------------------------------------------------------------------------------------------

Path Group    From Clock    To Clock    
----------    ----------    --------    
(none)        sys_clk_pin                 
(none)                      sys_clk_pin   


------------------------------------------------------------------------------------------------
| Timing Details
| --------------
------------------------------------------------------------------------------------------------


---------------------------------------------------------------------------------------------------
From Clock:  sys_clk_pin
  To Clock:  sys_clk_pin

Setup :            0  Failing Endpoints,  Worst Slack        1.196ns,  Total Violation        0.000ns
Hold  :            0  Failing Endpoints,  Worst Slack        0.070ns,  Total Violation        0.000ns
PW    :            0  Failing Endpoints,  Worst Slack        4.500ns,  Total Violation        0.000ns
---------------------------------------------------------------------------------------------------


Max Delay Paths
--------------------------------------------------------------------------------------
Slack (MET) :             1.196ns  (required time - arrival time)
  Source:                 Core/i_reg[21]/C
                            (rising edge-triggered cell FDRE clocked by sys_clk_pin  {rise@0.000ns fall@5.000ns period=10.000ns})
  Destination:            Core/nonce_reg[112]/CE
                            (rising edge-triggered cell FDCE clocked by sys_clk_pin  {rise@0.000ns fall@5.000ns period=10.000ns})
  Path Group:             sys_clk_pin
  Path Type:              Setup (Max at Slow Process Corner)
  Requirement:            10.000ns  (sys_clk_pin rise@10.000ns - sys_clk_pin rise@0.000ns)
  Data Path Delay:        8.532ns  (logic 2.493ns (29.218%)  route 6.039ns (70.782%))
  Logic Levels:           10  (CARRY4=2 LUT4=1 LUT5=1 LUT6=6)
  Clock Path Skew:        -0.031ns (DCD - SCD + CPR)
    Destination Clock Delay (DCD):    4.937ns = ( 14.937 - 10.000 ) 
    Source Clock Delay      (SCD):    5.227ns
    Clock Pessimism Removal (CPR):    0.259ns
  Clock Uncertainty:      0.035ns  ((TSJ^2 + TIJ^2)^1/2 + DJ) / 2 + PE
    Total System Jitter     (TSJ):    0.071ns
    Total Input Jitter      (TIJ):    0.000ns
    Discrete Jitter          (DJ):    0.000ns
    Phase Error              (PE):    0.000ns

    Location             Delay type                Incr(ns)  Path(ns)    Netlist Resource(s)
  -------------------------------------------------------------------    -------------------
                         (clock sys_clk_pin rise edge)
                                                      0.000     0.000 r  
    E3                                                0.000     0.000 r  clk (IN)
                         net (fo=0)                   0.000     0.000    clk
    E3                   IBUF (Prop_ibuf_I_O)         1.482     1.482 r  clk_IBUF_inst/O
                         net (fo=1, routed)           2.025     3.506    clk_IBUF
    BUFGCTRL_X0Y16       BUFG (Prop_bufg_I_O)         0.096     3.602 r  clk_IBUF_BUFG_inst/O
                         net (fo=2353, routed)        1.624     5.227    Core/clk_IBUF_BUFG
    SLICE_X33Y77         FDRE                                         r  Core/i_reg[21]/C
  -------------------------------------------------------------------    -------------------
    SLICE_X33Y77         FDRE (Prop_fdre_C_Q)         0.456     5.683 f  Core/i_reg[21]/Q
                         net (fo=3, routed)           0.859     6.542    Core/i_reg[21]
    SLICE_X34Y77         LUT4 (Prop_lut4_I0_O)        0.124     6.666 f  Core/round_keys[0][127]_i_9/O
                         net (fo=1, routed)           0.423     7.089    Core/round_keys[0][127]_i_9_n_0
    SLICE_X34Y75         LUT5 (Prop_lut5_I4_O)        0.124     7.213 f  Core/round_keys[0][127]_i_7/O
                         net (fo=1, routed)           0.162     7.375    Core/round_keys[0][127]_i_7_n_0
    SLICE_X34Y75         LUT6 (Prop_lut6_I5_O)        0.124     7.499 f  Core/round_keys[0][127]_i_4/O
                         net (fo=1, routed)           0.339     7.838    Core/round_keys[0][127]_i_4_n_0
    SLICE_X34Y73         LUT6 (Prop_lut6_I0_O)        0.124     7.962 f  Core/round_keys[0][127]_i_3/O
                         net (fo=13, routed)          0.477     8.439    Core/round_keys[0][127]_i_3_n_0
    SLICE_X32Y72         LUT6 (Prop_lut6_I5_O)        0.124     8.563 r  Core/FSM_onehot_state[2]_i_13/O
                         net (fo=1, routed)           0.000     8.563    Core/FSM_onehot_state[2]_i_13_n_0
    SLICE_X32Y72         CARRY4 (Prop_carry4_S[0]_CO[3])
                                                      0.532     9.095 r  Core/FSM_onehot_state_reg[2]_i_7/CO[3]
                         net (fo=1, routed)           0.000     9.095    Core/FSM_onehot_state_reg[2]_i_7_n_0
    SLICE_X32Y73         CARRY4 (Prop_carry4_CI_O[1])
                                                      0.334     9.429 f  Core/nonce_reg[127]_i_9/O[1]
                         net (fo=2, routed)           0.987    10.416    Core/i__0[5]
    SLICE_X34Y72         LUT6 (Prop_lut6_I2_O)        0.303    10.719 r  Core/nonce[127]_i_10/O
                         net (fo=1, routed)           0.466    11.185    Core/nonce[127]_i_10_n_0
    SLICE_X34Y72         LUT6 (Prop_lut6_I5_O)        0.124    11.309 r  Core/nonce[127]_i_3/O
                         net (fo=1, routed)           0.719    12.028    Core/nonce[127]_i_3_n_0
    SLICE_X35Y76         LUT6 (Prop_lut6_I0_O)        0.124    12.152 r  Core/nonce[127]_i_1/O
                         net (fo=128, routed)         1.607    13.759    Core/nonce
    SLICE_X48Y97         FDCE                                         r  Core/nonce_reg[112]/CE
  -------------------------------------------------------------------    -------------------

                         (clock sys_clk_pin rise edge)
                                                     10.000    10.000 r  
    E3                                                0.000    10.000 r  clk (IN)
                         net (fo=0)                   0.000    10.000    clk
    E3                   IBUF (Prop_ibuf_I_O)         1.411    11.411 r  clk_IBUF_inst/O
                         net (fo=1, routed)           1.920    13.331    clk_IBUF
    BUFGCTRL_X0Y16       BUFG (Prop_bufg_I_O)         0.091    13.422 r  clk_IBUF_BUFG_inst/O
                         net (fo=2353, routed)        1.514    14.937    Core/clk_IBUF_BUFG
    SLICE_X48Y97         FDCE                                         r  Core/nonce_reg[112]/C
                         clock pessimism              0.259    15.196    
                         clock uncertainty           -0.035    15.160    
    SLICE_X48Y97         FDCE (Setup_fdce_C_CE)      -0.205    14.955    Core/nonce_reg[112]
  -------------------------------------------------------------------
                         required time                         14.955    
                         arrival time                         -13.759    
  -------------------------------------------------------------------
                         slack                                  1.196    

Slack (MET) :             1.196ns  (required time - arrival time)
  Source:                 Core/i_reg[21]/C
                            (rising edge-triggered cell FDRE clocked by sys_clk_pin  {rise@0.000ns fall@5.000ns period=10.000ns})
  Destination:            Core/nonce_reg[119]/CE
                            (rising edge-triggered cell FDCE clocked by sys_clk_pin  {rise@0.000ns fall@5.000ns period=10.000ns})
  Path Group:             sys_clk_pin
  Path Type:              Setup (Max at Slow Process Corner)
  Requirement:            10.000ns  (sys_clk_pin rise@10.000ns - sys_clk_pin rise@0.000ns)
  Data Path Delay:        8.532ns  (logic 2.493ns (29.218%)  route 6.039ns (70.782%))
  Logic Levels:           10  (CARRY4=2 LUT4=1 LUT5=1 LUT6=6)
  Clock Path Skew:        -0.031ns (DCD - SCD + CPR)
    Destination Clock Delay (DCD):    4.937ns = ( 14.937 - 10.000 ) 
    Source Clock Delay      (SCD):    5.227ns
    Clock Pessimism Removal (CPR):    0.259ns
  Clock Uncertainty:      0.035ns  ((TSJ^2 + TIJ^2)^1/2 + DJ) / 2 + PE
    Total System Jitter     (TSJ):    0.071ns
    Total Input Jitter      (TIJ):    0.000ns
    Discrete Jitter          (DJ):    0.000ns
    Phase Error              (PE):    0.000ns

    Location             Delay type                Incr(ns)  Path(ns)    Netlist Resource(s)
  -------------------------------------------------------------------    -------------------
                         (clock sys_clk_pin rise edge)
                                                      0.000     0.000 r  
    E3                                                0.000     0.000 r  clk (IN)
                         net (fo=0)                   0.000     0.000    clk
    E3                   IBUF (Prop_ibuf_I_O)         1.482     1.482 r  clk_IBUF_inst/O
                         net (fo=1, routed)           2.025     3.506    clk_IBUF
    BUFGCTRL_X0Y16       BUFG (Prop_bufg_I_O)         0.096     3.602 r  clk_IBUF_BUFG_inst/O
                         net (fo=2353, routed)        1.624     5.227    Core/clk_IBUF_BUFG
    SLICE_X33Y77         FDRE                                         r  Core/i_reg[21]/C
  -------------------------------------------------------------------    -------------------
    SLICE_X33Y77         FDRE (Prop_fdre_C_Q)         0.456     5.683 f  Core/i_reg[21]/Q
                         net (fo=3, routed)           0.859     6.542    Core/i_reg[21]
    SLICE_X34Y77         LUT4 (Prop_lut4_I0_O)        0.124     6.666 f  Core/round_keys[0][127]_i_9/O
                         net (fo=1, routed)           0.423     7.089    Core/round_keys[0][127]_i_9_n_0
    SLICE_X34Y75         LUT5 (Prop_lut5_I4_O)        0.124     7.213 f  Core/round_keys[0][127]_i_7/O
                         net (fo=1, routed)           0.162     7.375    Core/round_keys[0][127]_i_7_n_0
    SLICE_X34Y75         LUT6 (Prop_lut6_I5_O)        0.124     7.499 f  Core/round_keys[0][127]_i_4/O
                         net (fo=1, routed)           0.339     7.838    Core/round_keys[0][127]_i_4_n_0
    SLICE_X34Y73         LUT6 (Prop_lut6_I0_O)        0.124     7.962 f  Core/round_keys[0][127]_i_3/O
                         net (fo=13, routed)          0.477     8.439    Core/round_keys[0][127]_i_3_n_0
    SLICE_X32Y72         LUT6 (Prop_lut6_I5_O)        0.124     8.563 r  Core/FSM_onehot_state[2]_i_13/O
                         net (fo=1, routed)           0.000     8.563    Core/FSM_onehot_state[2]_i_13_n_0
    SLICE_X32Y72         CARRY4 (Prop_carry4_S[0]_CO[3])
                                                      0.532     9.095 r  Core/FSM_onehot_state_reg[2]_i_7/CO[3]
                         net (fo=1, routed)           0.000     9.095    Core/FSM_onehot_state_reg[2]_i_7_n_0
    SLICE_X32Y73         CARRY4 (Prop_carry4_CI_O[1])
                                                      0.334     9.429 f  Core/nonce_reg[127]_i_9/O[1]
                         net (fo=2, routed)           0.987    10.416    Core/i__0[5]
    SLICE_X34Y72         LUT6 (Prop_lut6_I2_O)        0.303    10.719 r  Core/nonce[127]_i_10/O
                         net (fo=1, routed)           0.466    11.185    Core/nonce[127]_i_10_n_0
    SLICE_X34Y72         LUT6 (Prop_lut6_I5_O)        0.124    11.309 r  Core/nonce[127]_i_3/O
                         net (fo=1, routed)           0.719    12.028    Core/nonce[127]_i_3_n_0
    SLICE_X35Y76         LUT6 (Prop_lut6_I0_O)        0.124    12.152 r  Core/nonce[127]_i_1/O
                         net (fo=128, routed)         1.607    13.759    Core/nonce
    SLICE_X48Y97         FDCE                                         r  Core/nonce_reg[119]/CE
  -------------------------------------------------------------------    -------------------

                         (clock sys_clk_pin rise edge)
                                                     10.000    10.000 r  
    E3                                                0.000    10.000 r  clk (IN)
                         net (fo=0)                   0.000    10.000    clk
    E3                   IBUF (Prop_ibuf_I_O)         1.411    11.411 r  clk_IBUF_inst/O
                         net (fo=1, routed)           1.920    13.331    clk_IBUF
    BUFGCTRL_X0Y16       BUFG (Prop_bufg_I_O)         0.091    13.422 r  clk_IBUF_BUFG_inst/O
                         net (fo=2353, routed)        1.514    14.937    Core/clk_IBUF_BUFG
    SLICE_X48Y97         FDCE                                         r  Core/nonce_reg[119]/C
                         clock pessimism              0.259    15.196    
                         clock uncertainty           -0.035    15.160    
    SLICE_X48Y97         FDCE (Setup_fdce_C_CE)      -0.205    14.955    Core/nonce_reg[119]
  -------------------------------------------------------------------
                         required time                         14.955    
                         arrival time                         -13.759    
  -------------------------------------------------------------------
                         slack                                  1.196    

Slack (MET) :             1.276ns  (required time - arrival time)
  Source:                 Core/i_reg[21]/C
                            (rising edge-triggered cell FDRE clocked by sys_clk_pin  {rise@0.000ns fall@5.000ns period=10.000ns})
  Destination:            Core/nonce_reg[127]/CE
                            (rising edge-triggered cell FDCE clocked by sys_clk_pin  {rise@0.000ns fall@5.000ns period=10.000ns})
  Path Group:             sys_clk_pin
  Path Type:              Setup (Max at Slow Process Corner)
  Requirement:            10.000ns  (sys_clk_pin rise@10.000ns - sys_clk_pin rise@0.000ns)
  Data Path Delay:        8.452ns  (logic 2.493ns (29.495%)  route 5.959ns (70.505%))
  Logic Levels:           10  (CARRY4=2 LUT4=1 LUT5=1 LUT6=6)
  Clock Path Skew:        -0.031ns (DCD - SCD + CPR)
    Destination Clock Delay (DCD):    4.937ns = ( 14.937 - 10.000 ) 
    Source Clock Delay      (SCD):    5.227ns
    Clock Pessimism Removal (CPR):    0.259ns
  Clock Uncertainty:      0.035ns  ((TSJ^2 + TIJ^2)^1/2 + DJ) / 2 + PE
    Total System Jitter     (TSJ):    0.071ns
    Total Input Jitter      (TIJ):    0.000ns
    Discrete Jitter          (DJ):    0.000ns
    Phase Error              (PE):    0.000ns

    Location             Delay type                Incr(ns)  Path(ns)    Netlist Resource(s)
  -------------------------------------------------------------------    -------------------
                         (clock sys_clk_pin rise edge)
                                                      0.000     0.000 r  
    E3                                                0.000     0.000 r  clk (IN)
                         net (fo=0)                   0.000     0.000    clk
    E3                   IBUF (Prop_ibuf_I_O)         1.482     1.482 r  clk_IBUF_inst/O
                         net (fo=1, routed)           2.025     3.506    clk_IBUF
    BUFGCTRL_X0Y16       BUFG (Prop_bufg_I_O)         0.096     3.602 r  clk_IBUF_BUFG_inst/O
                         net (fo=2353, routed)        1.624     5.227    Core/clk_IBUF_BUFG
    SLICE_X33Y77         FDRE                                         r  Core/i_reg[21]/C
  -------------------------------------------------------------------    -------------------
    SLICE_X33Y77         FDRE (Prop_fdre_C_Q)         0.456     5.683 f  Core/i_reg[21]/Q
                         net (fo=3, routed)           0.859     6.542    Core/i_reg[21]
    SLICE_X34Y77         LUT4 (Prop_lut4_I0_O)        0.124     6.666 f  Core/round_keys[0][127]_i_9/O
                         net (fo=1, routed)           0.423     7.089    Core/round_keys[0][127]_i_9_n_0
    SLICE_X34Y75         LUT5 (Prop_lut5_I4_O)        0.124     7.213 f  Core/round_keys[0][127]_i_7/O
                         net (fo=1, routed)           0.162     7.375    Core/round_keys[0][127]_i_7_n_0
    SLICE_X34Y75         LUT6 (Prop_lut6_I5_O)        0.124     7.499 f  Core/round_keys[0][127]_i_4/O
                         net (fo=1, routed)           0.339     7.838    Core/round_keys[0][127]_i_4_n_0
    SLICE_X34Y73         LUT6 (Prop_lut6_I0_O)        0.124     7.962 f  Core/round_keys[0][127]_i_3/O
                         net (fo=13, routed)          0.477     8.439    Core/round_keys[0][127]_i_3_n_0
    SLICE_X32Y72         LUT6 (Prop_lut6_I5_O)        0.124     8.563 r  Core/FSM_onehot_state[2]_i_13/O
                         net (fo=1, routed)           0.000     8.563    Core/FSM_onehot_state[2]_i_13_n_0
    SLICE_X32Y72         CARRY4 (Prop_carry4_S[0]_CO[3])
                                                      0.532     9.095 r  Core/FSM_onehot_state_reg[2]_i_7/CO[3]
                         net (fo=1, routed)           0.000     9.095    Core/FSM_onehot_state_reg[2]_i_7_n_0
    SLICE_X32Y73         CARRY4 (Prop_carry4_CI_O[1])
                                                      0.334     9.429 f  Core/nonce_reg[127]_i_9/O[1]
                         net (fo=2, routed)           0.987    10.416    Core/i__0[5]
    SLICE_X34Y72         LUT6 (Prop_lut6_I2_O)        0.303    10.719 r  Core/nonce[127]_i_10/O
                         net (fo=1, routed)           0.466    11.185    Core/nonce[127]_i_10_n_0
    SLICE_X34Y72         LUT6 (Prop_lut6_I5_O)        0.124    11.309 r  Core/nonce[127]_i_3/O
                         net (fo=1, routed)           0.719    12.028    Core/nonce[127]_i_3_n_0
    SLICE_X35Y76         LUT6 (Prop_lut6_I0_O)        0.124    12.152 r  Core/nonce[127]_i_1/O
                         net (fo=128, routed)         1.527    13.679    Core/nonce
    SLICE_X48Y98         FDCE                                         r  Core/nonce_reg[127]/CE
  -------------------------------------------------------------------    -------------------

                         (clock sys_clk_pin rise edge)
                                                     10.000    10.000 r  
    E3                                                0.000    10.000 r  clk (IN)
                         net (fo=0)                   0.000    10.000    clk
    E3                   IBUF (Prop_ibuf_I_O)         1.411    11.411 r  clk_IBUF_inst/O
                         net (fo=1, routed)           1.920    13.331    clk_IBUF
    BUFGCTRL_X0Y16       BUFG (Prop_bufg_I_O)         0.091    13.422 r  clk_IBUF_BUFG_inst/O
                         net (fo=2353, routed)        1.514    14.937    Core/clk_IBUF_BUFG
    SLICE_X48Y98         FDCE                                         r  Core/nonce_reg[127]/C
                         clock pessimism              0.259    15.196    
                         clock uncertainty           -0.035    15.160    
    SLICE_X48Y98         FDCE (Setup_fdce_C_CE)      -0.205    14.955    Core/nonce_reg[127]
  -------------------------------------------------------------------
                         required time                         14.955    
                         arrival time                         -13.679    
  -------------------------------------------------------------------
                         slack                                  1.276    

Slack (MET) :             1.285ns  (required time - arrival time)
  Source:                 Core/i_reg[21]/C
                            (rising edge-triggered cell FDRE clocked by sys_clk_pin  {rise@0.000ns fall@5.000ns period=10.000ns})
  Destination:            Core/nonce_reg[104]/CE
                            (rising edge-triggered cell FDCE clocked by sys_clk_pin  {rise@0.000ns fall@5.000ns period=10.000ns})
  Path Group:             sys_clk_pin
  Path Type:              Setup (Max at Slow Process Corner)
  Requirement:            10.000ns  (sys_clk_pin rise@10.000ns - sys_clk_pin rise@0.000ns)
  Data Path Delay:        8.443ns  (logic 2.493ns (29.528%)  route 5.950ns (70.472%))
  Logic Levels:           10  (CARRY4=2 LUT4=1 LUT5=1 LUT6=6)
  Clock Path Skew:        -0.032ns (DCD - SCD + CPR)
    Destination Clock Delay (DCD):    4.936ns = ( 14.936 - 10.000 ) 
    Source Clock Delay      (SCD):    5.227ns
    Clock Pessimism Removal (CPR):    0.259ns
  Clock Uncertainty:      0.035ns  ((TSJ^2 + TIJ^2)^1/2 + DJ) / 2 + PE
    Total System Jitter     (TSJ):    0.071ns
    Total Input Jitter      (TIJ):    0.000ns
    Discrete Jitter          (DJ):    0.000ns
    Phase Error              (PE):    0.000ns

    Location             Delay type                Incr(ns)  Path(ns)    Netlist Resource(s)
  -------------------------------------------------------------------    -------------------
                         (clock sys_clk_pin rise edge)
                                                      0.000     0.000 r  
    E3                                                0.000     0.000 r  clk (IN)
                         net (fo=0)                   0.000     0.000    clk
    E3                   IBUF (Prop_ibuf_I_O)         1.482     1.482 r  clk_IBUF_inst/O
                         net (fo=1, routed)           2.025     3.506    clk_IBUF
    BUFGCTRL_X0Y16       BUFG (Prop_bufg_I_O)         0.096     3.602 r  clk_IBUF_BUFG_inst/O
                         net (fo=2353, routed)        1.624     5.227    Core/clk_IBUF_BUFG
    SLICE_X33Y77         FDRE                                         r  Core/i_reg[21]/C
  -------------------------------------------------------------------    -------------------
    SLICE_X33Y77         FDRE (Prop_fdre_C_Q)         0.456     5.683 f  Core/i_reg[21]/Q
                         net (fo=3, routed)           0.859     6.542    Core/i_reg[21]
    SLICE_X34Y77         LUT4 (Prop_lut4_I0_O)        0.124     6.666 f  Core/round_keys[0][127]_i_9/O
                         net (fo=1, routed)           0.423     7.089    Core/round_keys[0][127]_i_9_n_0
    SLICE_X34Y75         LUT5 (Prop_lut5_I4_O)        0.124     7.213 f  Core/round_keys[0][127]_i_7/O
                         net (fo=1, routed)           0.162     7.375    Core/round_keys[0][127]_i_7_n_0
    SLICE_X34Y75         LUT6 (Prop_lut6_I5_O)        0.124     7.499 f  Core/round_keys[0][127]_i_4/O
                         net (fo=1, routed)           0.339     7.838    Core/round_keys[0][127]_i_4_n_0
    SLICE_X34Y73         LUT6 (Prop_lut6_I0_O)        0.124     7.962 f  Core/round_keys[0][127]_i_3/O
                         net (fo=13, routed)          0.477     8.439    Core/round_keys[0][127]_i_3_n_0
    SLICE_X32Y72         LUT6 (Prop_lut6_I5_O)        0.124     8.563 r  Core/FSM_onehot_state[2]_i_13/O
                         net (fo=1, routed)           0.000     8.563    Core/FSM_onehot_state[2]_i_13_n_0
    SLICE_X32Y72         CARRY4 (Prop_carry4_S[0]_CO[3])
                                                      0.532     9.095 r  Core/FSM_onehot_state_reg[2]_i_7/CO[3]
                         net (fo=1, routed)           0.000     9.095    Core/FSM_onehot_state_reg[2]_i_7_n_0
    SLICE_X32Y73         CARRY4 (Prop_carry4_CI_O[1])
                                                      0.334     9.429 f  Core/nonce_reg[127]_i_9/O[1]
                         net (fo=2, routed)           0.987    10.416    Core/i__0[5]
    SLICE_X34Y72         LUT6 (Prop_lut6_I2_O)        0.303    10.719 r  Core/nonce[127]_i_10/O
                         net (fo=1, routed)           0.466    11.185    Core/nonce[127]_i_10_n_0
    SLICE_X34Y72         LUT6 (Prop_lut6_I5_O)        0.124    11.309 r  Core/nonce[127]_i_3/O
                         net (fo=1, routed)           0.719    12.028    Core/nonce[127]_i_3_n_0
    SLICE_X35Y76         LUT6 (Prop_lut6_I0_O)        0.124    12.152 r  Core/nonce[127]_i_1/O
                         net (fo=128, routed)         1.518    13.670    Core/nonce
    SLICE_X48Y95         FDCE                                         r  Core/nonce_reg[104]/CE
  -------------------------------------------------------------------    -------------------

                         (clock sys_clk_pin rise edge)
                                                     10.000    10.000 r  
    E3                                                0.000    10.000 r  clk (IN)
                         net (fo=0)                   0.000    10.000    clk
    E3                   IBUF (Prop_ibuf_I_O)         1.411    11.411 r  clk_IBUF_inst/O
                         net (fo=1, routed)           1.920    13.331    clk_IBUF
    BUFGCTRL_X0Y16       BUFG (Prop_bufg_I_O)         0.091    13.422 r  clk_IBUF_BUFG_inst/O
                         net (fo=2353, routed)        1.513    14.936    Core/clk_IBUF_BUFG
    SLICE_X48Y95         FDCE                                         r  Core/nonce_reg[104]/C
                         clock pessimism              0.259    15.195    
                         clock uncertainty           -0.035    15.159    
    SLICE_X48Y95         FDCE (Setup_fdce_C_CE)      -0.205    14.954    Core/nonce_reg[104]
  -------------------------------------------------------------------
                         required time                         14.954    
                         arrival time                         -13.670    
  -------------------------------------------------------------------
                         slack                                  1.285    

Slack (MET) :             1.285ns  (required time - arrival time)
  Source:                 Core/i_reg[21]/C
                            (rising edge-triggered cell FDRE clocked by sys_clk_pin  {rise@0.000ns fall@5.000ns period=10.000ns})
  Destination:            Core/nonce_reg[113]/CE
                            (rising edge-triggered cell FDCE clocked by sys_clk_pin  {rise@0.000ns fall@5.000ns period=10.000ns})
  Path Group:             sys_clk_pin
  Path Type:              Setup (Max at Slow Process Corner)
  Requirement:            10.000ns  (sys_clk_pin rise@10.000ns - sys_clk_pin rise@0.000ns)
  Data Path Delay:        8.443ns  (logic 2.493ns (29.528%)  route 5.950ns (70.472%))
  Logic Levels:           10  (CARRY4=2 LUT4=1 LUT5=1 LUT6=6)
  Clock Path Skew:        -0.032ns (DCD - SCD + CPR)
    Destination Clock Delay (DCD):    4.936ns = ( 14.936 - 10.000 ) 
    Source Clock Delay      (SCD):    5.227ns
    Clock Pessimism Removal (CPR):    0.259ns
  Clock Uncertainty:      0.035ns  ((TSJ^2 + TIJ^2)^1/2 + DJ) / 2 + PE
    Total System Jitter     (TSJ):    0.071ns
    Total Input Jitter      (TIJ):    0.000ns
    Discrete Jitter          (DJ):    0.000ns
    Phase Error              (PE):    0.000ns

    Location             Delay type                Incr(ns)  Path(ns)    Netlist Resource(s)
  -------------------------------------------------------------------    -------------------
                         (clock sys_clk_pin rise edge)
                                                      0.000     0.000 r  
    E3                                                0.000     0.000 r  clk (IN)
                         net (fo=0)                   0.000     0.000    clk
    E3                   IBUF (Prop_ibuf_I_O)         1.482     1.482 r  clk_IBUF_inst/O
                         net (fo=1, routed)           2.025     3.506    clk_IBUF
    BUFGCTRL_X0Y16       BUFG (Prop_bufg_I_O)         0.096     3.602 r  clk_IBUF_BUFG_inst/O
                         net (fo=2353, routed)        1.624     5.227    Core/clk_IBUF_BUFG
    SLICE_X33Y77         FDRE                                         r  Core/i_reg[21]/C
  -------------------------------------------------------------------    -------------------
    SLICE_X33Y77         FDRE (Prop_fdre_C_Q)         0.456     5.683 f  Core/i_reg[21]/Q
                         net (fo=3, routed)           0.859     6.542    Core/i_reg[21]
    SLICE_X34Y77         LUT4 (Prop_lut4_I0_O)        0.124     6.666 f  Core/round_keys[0][127]_i_9/O
                         net (fo=1, routed)           0.423     7.089    Core/round_keys[0][127]_i_9_n_0
    SLICE_X34Y75         LUT5 (Prop_lut5_I4_O)        0.124     7.213 f  Core/round_keys[0][127]_i_7/O
                         net (fo=1, routed)           0.162     7.375    Core/round_keys[0][127]_i_7_n_0
    SLICE_X34Y75         LUT6 (Prop_lut6_I5_O)        0.124     7.499 f  Core/round_keys[0][127]_i_4/O
                         net (fo=1, routed)           0.339     7.838    Core/round_keys[0][127]_i_4_n_0
    SLICE_X34Y73         LUT6 (Prop_lut6_I0_O)        0.124     7.962 f  Core/round_keys[0][127]_i_3/O
                         net (fo=13, routed)          0.477     8.439    Core/round_keys[0][127]_i_3_n_0
    SLICE_X32Y72         LUT6 (Prop_lut6_I5_O)        0.124     8.563 r  Core/FSM_onehot_state[2]_i_13/O
                         net (fo=1, routed)           0.000     8.563    Core/FSM_onehot_state[2]_i_13_n_0
    SLICE_X32Y72         CARRY4 (Prop_carry4_S[0]_CO[3])
                                                      0.532     9.095 r  Core/FSM_onehot_state_reg[2]_i_7/CO[3]
                         net (fo=1, routed)           0.000     9.095    Core/FSM_onehot_state_reg[2]_i_7_n_0
    SLICE_X32Y73         CARRY4 (Prop_carry4_CI_O[1])
                                                      0.334     9.429 f  Core/nonce_reg[127]_i_9/O[1]
                         net (fo=2, routed)           0.987    10.416    Core/i__0[5]
    SLICE_X34Y72         LUT6 (Prop_lut6_I2_O)        0.303    10.719 r  Core/nonce[127]_i_10/O
                         net (fo=1, routed)           0.466    11.185    Core/nonce[127]_i_10_n_0
    SLICE_X34Y72         LUT6 (Prop_lut6_I5_O)        0.124    11.309 r  Core/nonce[127]_i_3/O
                         net (fo=1, routed)           0.719    12.028    Core/nonce[127]_i_3_n_0
    SLICE_X35Y76         LUT6 (Prop_lut6_I0_O)        0.124    12.152 r  Core/nonce[127]_i_1/O
                         net (fo=128, routed)         1.518    13.670    Core/nonce
    SLICE_X48Y95         FDCE                                         r  Core/nonce_reg[113]/CE
  -------------------------------------------------------------------    -------------------

                         (clock sys_clk_pin rise edge)
                                                     10.000    10.000 r  
    E3                                                0.000    10.000 r  clk (IN)
                         net (fo=0)                   0.000    10.000    clk
    E3                   IBUF (Prop_ibuf_I_O)         1.411    11.411 r  clk_IBUF_inst/O
                         net (fo=1, routed)           1.920    13.331    clk_IBUF
    BUFGCTRL_X0Y16       BUFG (Prop_bufg_I_O)         0.091    13.422 r  clk_IBUF_BUFG_inst/O
                         net (fo=2353, routed)        1.513    14.936    Core/clk_IBUF_BUFG
    SLICE_X48Y95         FDCE                                         r  Core/nonce_reg[113]/C
                         clock pessimism              0.259    15.195    
                         clock uncertainty           -0.035    15.159    
    SLICE_X48Y95         FDCE (Setup_fdce_C_CE)      -0.205    14.954    Core/nonce_reg[113]
  -------------------------------------------------------------------
                         required time                         14.954    
                         arrival time                         -13.670    
  -------------------------------------------------------------------
                         slack                                  1.285    

Slack (MET) :             1.285ns  (required time - arrival time)
  Source:                 Core/i_reg[21]/C
                            (rising edge-triggered cell FDRE clocked by sys_clk_pin  {rise@0.000ns fall@5.000ns period=10.000ns})
  Destination:            Core/nonce_reg[114]/CE
                            (rising edge-triggered cell FDCE clocked by sys_clk_pin  {rise@0.000ns fall@5.000ns period=10.000ns})
  Path Group:             sys_clk_pin
  Path Type:              Setup (Max at Slow Process Corner)
  Requirement:            10.000ns  (sys_clk_pin rise@10.000ns - sys_clk_pin rise@0.000ns)
  Data Path Delay:        8.443ns  (logic 2.493ns (29.528%)  route 5.950ns (70.472%))
  Logic Levels:           10  (CARRY4=2 LUT4=1 LUT5=1 LUT6=6)
  Clock Path Skew:        -0.032ns (DCD - SCD + CPR)
    Destination Clock Delay (DCD):    4.936ns = ( 14.936 - 10.000 ) 
    Source Clock Delay      (SCD):    5.227ns
    Clock Pessimism Removal (CPR):    0.259ns
  Clock Uncertainty:      0.035ns  ((TSJ^2 + TIJ^2)^1/2 + DJ) / 2 + PE
    Total System Jitter     (TSJ):    0.071ns
    Total Input Jitter      (TIJ):    0.000ns
    Discrete Jitter          (DJ):    0.000ns
    Phase Error              (PE):    0.000ns

    Location             Delay type                Incr(ns)  Path(ns)    Netlist Resource(s)
  -------------------------------------------------------------------    -------------------
                         (clock sys_clk_pin rise edge)
                                                      0.000     0.000 r  
    E3                                                0.000     0.000 r  clk (IN)
                         net (fo=0)                   0.000     0.000    clk
    E3                   IBUF (Prop_ibuf_I_O)         1.482     1.482 r  clk_IBUF_inst/O
                         net (fo=1, routed)           2.025     3.506    clk_IBUF
    BUFGCTRL_X0Y16       BUFG (Prop_bufg_I_O)         0.096     3.602 r  clk_IBUF_BUFG_inst/O
                         net (fo=2353, routed)        1.624     5.227    Core/clk_IBUF_BUFG
    SLICE_X33Y77         FDRE                                         r  Core/i_reg[21]/C
  -------------------------------------------------------------------    -------------------
    SLICE_X33Y77         FDRE (Prop_fdre_C_Q)         0.456     5.683 f  Core/i_reg[21]/Q
                         net (fo=3, routed)           0.859     6.542    Core/i_reg[21]
    SLICE_X34Y77         LUT4 (Prop_lut4_I0_O)        0.124     6.666 f  Core/round_keys[0][127]_i_9/O
                         net (fo=1, routed)           0.423     7.089    Core/round_keys[0][127]_i_9_n_0
    SLICE_X34Y75         LUT5 (Prop_lut5_I4_O)        0.124     7.213 f  Core/round_keys[0][127]_i_7/O
                         net (fo=1, routed)           0.162     7.375    Core/round_keys[0][127]_i_7_n_0
    SLICE_X34Y75         LUT6 (Prop_lut6_I5_O)        0.124     7.499 f  Core/round_keys[0][127]_i_4/O
                         net (fo=1, routed)           0.339     7.838    Core/round_keys[0][127]_i_4_n_0
    SLICE_X34Y73         LUT6 (Prop_lut6_I0_O)        0.124     7.962 f  Core/round_keys[0][127]_i_3/O
                         net (fo=13, routed)          0.477     8.439    Core/round_keys[0][127]_i_3_n_0
    SLICE_X32Y72         LUT6 (Prop_lut6_I5_O)        0.124     8.563 r  Core/FSM_onehot_state[2]_i_13/O
                         net (fo=1, routed)           0.000     8.563    Core/FSM_onehot_state[2]_i_13_n_0
    SLICE_X32Y72         CARRY4 (Prop_carry4_S[0]_CO[3])
                                                      0.532     9.095 r  Core/FSM_onehot_state_reg[2]_i_7/CO[3]
                         net (fo=1, routed)           0.000     9.095    Core/FSM_onehot_state_reg[2]_i_7_n_0
    SLICE_X32Y73         CARRY4 (Prop_carry4_CI_O[1])
                                                      0.334     9.429 f  Core/nonce_reg[127]_i_9/O[1]
                         net (fo=2, routed)           0.987    10.416    Core/i__0[5]
    SLICE_X34Y72         LUT6 (Prop_lut6_I2_O)        0.303    10.719 r  Core/nonce[127]_i_10/O
                         net (fo=1, routed)           0.466    11.185    Core/nonce[127]_i_10_n_0
    SLICE_X34Y72         LUT6 (Prop_lut6_I5_O)        0.124    11.309 r  Core/nonce[127]_i_3/O
                         net (fo=1, routed)           0.719    12.028    Core/nonce[127]_i_3_n_0
    SLICE_X35Y76         LUT6 (Prop_lut6_I0_O)        0.124    12.152 r  Core/nonce[127]_i_1/O
                         net (fo=128, routed)         1.518    13.670    Core/nonce
    SLICE_X48Y95         FDCE                                         r  Core/nonce_reg[114]/CE
  -------------------------------------------------------------------    -------------------

                         (clock sys_clk_pin rise edge)
                                                     10.000    10.000 r  
    E3                                                0.000    10.000 r  clk (IN)
                         net (fo=0)                   0.000    10.000    clk
    E3                   IBUF (Prop_ibuf_I_O)         1.411    11.411 r  clk_IBUF_inst/O
                         net (fo=1, routed)           1.920    13.331    clk_IBUF
    BUFGCTRL_X0Y16       BUFG (Prop_bufg_I_O)         0.091    13.422 r  clk_IBUF_BUFG_inst/O
                         net (fo=2353, routed)        1.513    14.936    Core/clk_IBUF_BUFG
    SLICE_X48Y95         FDCE                                         r  Core/nonce_reg[114]/C
                         clock pessimism              0.259    15.195    
                         clock uncertainty           -0.035    15.159    
    SLICE_X48Y95         FDCE (Setup_fdce_C_CE)      -0.205    14.954    Core/nonce_reg[114]
  -------------------------------------------------------------------
                         required time                         14.954    
                         arrival time                         -13.670    
  -------------------------------------------------------------------
                         slack                                  1.285    

Slack (MET) :             1.285ns  (required time - arrival time)
  Source:                 Core/i_reg[21]/C
                            (rising edge-triggered cell FDRE clocked by sys_clk_pin  {rise@0.000ns fall@5.000ns period=10.000ns})
  Destination:            Core/nonce_reg[116]/CE
                            (rising edge-triggered cell FDCE clocked by sys_clk_pin  {rise@0.000ns fall@5.000ns period=10.000ns})
  Path Group:             sys_clk_pin
  Path Type:              Setup (Max at Slow Process Corner)
  Requirement:            10.000ns  (sys_clk_pin rise@10.000ns - sys_clk_pin rise@0.000ns)
  Data Path Delay:        8.443ns  (logic 2.493ns (29.528%)  route 5.950ns (70.472%))
  Logic Levels:           10  (CARRY4=2 LUT4=1 LUT5=1 LUT6=6)
  Clock Path Skew:        -0.032ns (DCD - SCD + CPR)
    Destination Clock Delay (DCD):    4.936ns = ( 14.936 - 10.000 ) 
    Source Clock Delay      (SCD):    5.227ns
    Clock Pessimism Removal (CPR):    0.259ns
  Clock Uncertainty:      0.035ns  ((TSJ^2 + TIJ^2)^1/2 + DJ) / 2 + PE
    Total System Jitter     (TSJ):    0.071ns
    Total Input Jitter      (TIJ):    0.000ns
    Discrete Jitter          (DJ):    0.000ns
    Phase Error              (PE):    0.000ns

    Location             Delay type                Incr(ns)  Path(ns)    Netlist Resource(s)
  -------------------------------------------------------------------    -------------------
                         (clock sys_clk_pin rise edge)
                                                      0.000     0.000 r  
    E3                                                0.000     0.000 r  clk (IN)
                         net (fo=0)                   0.000     0.000    clk
    E3                   IBUF (Prop_ibuf_I_O)         1.482     1.482 r  clk_IBUF_inst/O
                         net (fo=1, routed)           2.025     3.506    clk_IBUF
    BUFGCTRL_X0Y16       BUFG (Prop_bufg_I_O)         0.096     3.602 r  clk_IBUF_BUFG_inst/O
                         net (fo=2353, routed)        1.624     5.227    Core/clk_IBUF_BUFG
    SLICE_X33Y77         FDRE                                         r  Core/i_reg[21]/C
  -------------------------------------------------------------------    -------------------
    SLICE_X33Y77         FDRE (Prop_fdre_C_Q)         0.456     5.683 f  Core/i_reg[21]/Q
                         net (fo=3, routed)           0.859     6.542    Core/i_reg[21]
    SLICE_X34Y77         LUT4 (Prop_lut4_I0_O)        0.124     6.666 f  Core/round_keys[0][127]_i_9/O
                         net (fo=1, routed)           0.423     7.089    Core/round_keys[0][127]_i_9_n_0
    SLICE_X34Y75         LUT5 (Prop_lut5_I4_O)        0.124     7.213 f  Core/round_keys[0][127]_i_7/O
                         net (fo=1, routed)           0.162     7.375    Core/round_keys[0][127]_i_7_n_0
    SLICE_X34Y75         LUT6 (Prop_lut6_I5_O)        0.124     7.499 f  Core/round_keys[0][127]_i_4/O
                         net (fo=1, routed)           0.339     7.838    Core/round_keys[0][127]_i_4_n_0
    SLICE_X34Y73         LUT6 (Prop_lut6_I0_O)        0.124     7.962 f  Core/round_keys[0][127]_i_3/O
                         net (fo=13, routed)          0.477     8.439    Core/round_keys[0][127]_i_3_n_0
    SLICE_X32Y72         LUT6 (Prop_lut6_I5_O)        0.124     8.563 r  Core/FSM_onehot_state[2]_i_13/O
                         net (fo=1, routed)           0.000     8.563    Core/FSM_onehot_state[2]_i_13_n_0
    SLICE_X32Y72         CARRY4 (Prop_carry4_S[0]_CO[3])
                                                      0.532     9.095 r  Core/FSM_onehot_state_reg[2]_i_7/CO[3]
                         net (fo=1, routed)           0.000     9.095    Core/FSM_onehot_state_reg[2]_i_7_n_0
    SLICE_X32Y73         CARRY4 (Prop_carry4_CI_O[1])
                                                      0.334     9.429 f  Core/nonce_reg[127]_i_9/O[1]
                         net (fo=2, routed)           0.987    10.416    Core/i__0[5]
    SLICE_X34Y72         LUT6 (Prop_lut6_I2_O)        0.303    10.719 r  Core/nonce[127]_i_10/O
                         net (fo=1, routed)           0.466    11.185    Core/nonce[127]_i_10_n_0
    SLICE_X34Y72         LUT6 (Prop_lut6_I5_O)        0.124    11.309 r  Core/nonce[127]_i_3/O
                         net (fo=1, routed)           0.719    12.028    Core/nonce[127]_i_3_n_0
    SLICE_X35Y76         LUT6 (Prop_lut6_I0_O)        0.124    12.152 r  Core/nonce[127]_i_1/O
                         net (fo=128, routed)         1.518    13.670    Core/nonce
    SLICE_X48Y95         FDCE                                         r  Core/nonce_reg[116]/CE
  -------------------------------------------------------------------    -------------------

                         (clock sys_clk_pin rise edge)
                                                     10.000    10.000 r  
    E3                                                0.000    10.000 r  clk (IN)
                         net (fo=0)                   0.000    10.000    clk
    E3                   IBUF (Prop_ibuf_I_O)         1.411    11.411 r  clk_IBUF_inst/O
                         net (fo=1, routed)           1.920    13.331    clk_IBUF
    BUFGCTRL_X0Y16       BUFG (Prop_bufg_I_O)         0.091    13.422 r  clk_IBUF_BUFG_inst/O
                         net (fo=2353, routed)        1.513    14.936    Core/clk_IBUF_BUFG
    SLICE_X48Y95         FDCE                                         r  Core/nonce_reg[116]/C
                         clock pessimism              0.259    15.195    
                         clock uncertainty           -0.035    15.159    
    SLICE_X48Y95         FDCE (Setup_fdce_C_CE)      -0.205    14.954    Core/nonce_reg[116]
  -------------------------------------------------------------------
                         required time                         14.954    
                         arrival time                         -13.670    
  -------------------------------------------------------------------
                         slack                                  1.285    

Slack (MET) :             1.327ns  (required time - arrival time)
  Source:                 Core/i_reg[21]/C
                            (rising edge-triggered cell FDRE clocked by sys_clk_pin  {rise@0.000ns fall@5.000ns period=10.000ns})
  Destination:            Core/nonce_reg[110]/CE
                            (rising edge-triggered cell FDCE clocked by sys_clk_pin  {rise@0.000ns fall@5.000ns period=10.000ns})
  Path Group:             sys_clk_pin
  Path Type:              Setup (Max at Slow Process Corner)
  Requirement:            10.000ns  (sys_clk_pin rise@10.000ns - sys_clk_pin rise@0.000ns)
  Data Path Delay:        8.402ns  (logic 2.493ns (29.671%)  route 5.909ns (70.329%))
  Logic Levels:           10  (CARRY4=2 LUT4=1 LUT5=1 LUT6=6)
  Clock Path Skew:        -0.031ns (DCD - SCD + CPR)
    Destination Clock Delay (DCD):    4.937ns = ( 14.937 - 10.000 ) 
    Source Clock Delay      (SCD):    5.227ns
    Clock Pessimism Removal (CPR):    0.259ns
  Clock Uncertainty:      0.035ns  ((TSJ^2 + TIJ^2)^1/2 + DJ) / 2 + PE
    Total System Jitter     (TSJ):    0.071ns
    Total Input Jitter      (TIJ):    0.000ns
    Discrete Jitter          (DJ):    0.000ns
    Phase Error              (PE):    0.000ns

    Location             Delay type                Incr(ns)  Path(ns)    Netlist Resource(s)
  -------------------------------------------------------------------    -------------------
                         (clock sys_clk_pin rise edge)
                                                      0.000     0.000 r  
    E3                                                0.000     0.000 r  clk (IN)
                         net (fo=0)                   0.000     0.000    clk
    E3                   IBUF (Prop_ibuf_I_O)         1.482     1.482 r  clk_IBUF_inst/O
                         net (fo=1, routed)           2.025     3.506    clk_IBUF
    BUFGCTRL_X0Y16       BUFG (Prop_bufg_I_O)         0.096     3.602 r  clk_IBUF_BUFG_inst/O
                         net (fo=2353, routed)        1.624     5.227    Core/clk_IBUF_BUFG
    SLICE_X33Y77         FDRE                                         r  Core/i_reg[21]/C
  -------------------------------------------------------------------    -------------------
    SLICE_X33Y77         FDRE (Prop_fdre_C_Q)         0.456     5.683 f  Core/i_reg[21]/Q
                         net (fo=3, routed)           0.859     6.542    Core/i_reg[21]
    SLICE_X34Y77         LUT4 (Prop_lut4_I0_O)        0.124     6.666 f  Core/round_keys[0][127]_i_9/O
                         net (fo=1, routed)           0.423     7.089    Core/round_keys[0][127]_i_9_n_0
    SLICE_X34Y75         LUT5 (Prop_lut5_I4_O)        0.124     7.213 f  Core/round_keys[0][127]_i_7/O
                         net (fo=1, routed)           0.162     7.375    Core/round_keys[0][127]_i_7_n_0
    SLICE_X34Y75         LUT6 (Prop_lut6_I5_O)        0.124     7.499 f  Core/round_keys[0][127]_i_4/O
                         net (fo=1, routed)           0.339     7.838    Core/round_keys[0][127]_i_4_n_0
    SLICE_X34Y73         LUT6 (Prop_lut6_I0_O)        0.124     7.962 f  Core/round_keys[0][127]_i_3/O
                         net (fo=13, routed)          0.477     8.439    Core/round_keys[0][127]_i_3_n_0
    SLICE_X32Y72         LUT6 (Prop_lut6_I5_O)        0.124     8.563 r  Core/FSM_onehot_state[2]_i_13/O
                         net (fo=1, routed)           0.000     8.563    Core/FSM_onehot_state[2]_i_13_n_0
    SLICE_X32Y72         CARRY4 (Prop_carry4_S[0]_CO[3])
                                                      0.532     9.095 r  Core/FSM_onehot_state_reg[2]_i_7/CO[3]
                         net (fo=1, routed)           0.000     9.095    Core/FSM_onehot_state_reg[2]_i_7_n_0
    SLICE_X32Y73         CARRY4 (Prop_carry4_CI_O[1])
                                                      0.334     9.429 f  Core/nonce_reg[127]_i_9/O[1]
                         net (fo=2, routed)           0.987    10.416    Core/i__0[5]
    SLICE_X34Y72         LUT6 (Prop_lut6_I2_O)        0.303    10.719 r  Core/nonce[127]_i_10/O
                         net (fo=1, routed)           0.466    11.185    Core/nonce[127]_i_10_n_0
    SLICE_X34Y72         LUT6 (Prop_lut6_I5_O)        0.124    11.309 r  Core/nonce[127]_i_3/O
                         net (fo=1, routed)           0.719    12.028    Core/nonce[127]_i_3_n_0
    SLICE_X35Y76         LUT6 (Prop_lut6_I0_O)        0.124    12.152 r  Core/nonce[127]_i_1/O
                         net (fo=128, routed)         1.477    13.629    Core/nonce
    SLICE_X47Y97         FDCE                                         r  Core/nonce_reg[110]/CE
  -------------------------------------------------------------------    -------------------

                         (clock sys_clk_pin rise edge)
                                                     10.000    10.000 r  
    E3                                                0.000    10.000 r  clk (IN)
                         net (fo=0)                   0.000    10.000    clk
    E3                   IBUF (Prop_ibuf_I_O)         1.411    11.411 r  clk_IBUF_inst/O
                         net (fo=1, routed)           1.920    13.331    clk_IBUF
    BUFGCTRL_X0Y16       BUFG (Prop_bufg_I_O)         0.091    13.422 r  clk_IBUF_BUFG_inst/O
                         net (fo=2353, routed)        1.514    14.937    Core/clk_IBUF_BUFG
    SLICE_X47Y97         FDCE                                         r  Core/nonce_reg[110]/C
                         clock pessimism              0.259    15.196    
                         clock uncertainty           -0.035    15.160    
    SLICE_X47Y97         FDCE (Setup_fdce_C_CE)      -0.205    14.955    Core/nonce_reg[110]
  -------------------------------------------------------------------
                         required time                         14.955    
                         arrival time                         -13.629    
  -------------------------------------------------------------------
                         slack                                  1.327    

Slack (MET) :             1.343ns  (required time - arrival time)
  Source:                 Core/i_reg[21]/C
                            (rising edge-triggered cell FDRE clocked by sys_clk_pin  {rise@0.000ns fall@5.000ns period=10.000ns})
  Destination:            Core/nonce_reg[121]/CE
                            (rising edge-triggered cell FDCE clocked by sys_clk_pin  {rise@0.000ns fall@5.000ns period=10.000ns})
  Path Group:             sys_clk_pin
  Path Type:              Setup (Max at Slow Process Corner)
  Requirement:            10.000ns  (sys_clk_pin rise@10.000ns - sys_clk_pin rise@0.000ns)
  Data Path Delay:        8.420ns  (logic 2.493ns (29.609%)  route 5.927ns (70.391%))
  Logic Levels:           10  (CARRY4=2 LUT4=1 LUT5=1 LUT6=6)
  Clock Path Skew:        -0.033ns (DCD - SCD + CPR)
    Destination Clock Delay (DCD):    4.935ns = ( 14.935 - 10.000 ) 
    Source Clock Delay      (SCD):    5.227ns
    Clock Pessimism Removal (CPR):    0.259ns
  Clock Uncertainty:      0.035ns  ((TSJ^2 + TIJ^2)^1/2 + DJ) / 2 + PE
    Total System Jitter     (TSJ):    0.071ns
    Total Input Jitter      (TIJ):    0.000ns
    Discrete Jitter          (DJ):    0.000ns
    Phase Error              (PE):    0.000ns

    Location             Delay type                Incr(ns)  Path(ns)    Netlist Resource(s)
  -------------------------------------------------------------------    -------------------
                         (clock sys_clk_pin rise edge)
                                                      0.000     0.000 r  
    E3                                                0.000     0.000 r  clk (IN)
                         net (fo=0)                   0.000     0.000    clk
    E3                   IBUF (Prop_ibuf_I_O)         1.482     1.482 r  clk_IBUF_inst/O
                         net (fo=1, routed)           2.025     3.506    clk_IBUF
    BUFGCTRL_X0Y16       BUFG (Prop_bufg_I_O)         0.096     3.602 r  clk_IBUF_BUFG_inst/O
                         net (fo=2353, routed)        1.624     5.227    Core/clk_IBUF_BUFG
    SLICE_X33Y77         FDRE                                         r  Core/i_reg[21]/C
  -------------------------------------------------------------------    -------------------
    SLICE_X33Y77         FDRE (Prop_fdre_C_Q)         0.456     5.683 f  Core/i_reg[21]/Q
                         net (fo=3, routed)           0.859     6.542    Core/i_reg[21]
    SLICE_X34Y77         LUT4 (Prop_lut4_I0_O)        0.124     6.666 f  Core/round_keys[0][127]_i_9/O
                         net (fo=1, routed)           0.423     7.089    Core/round_keys[0][127]_i_9_n_0
    SLICE_X34Y75         LUT5 (Prop_lut5_I4_O)        0.124     7.213 f  Core/round_keys[0][127]_i_7/O
                         net (fo=1, routed)           0.162     7.375    Core/round_keys[0][127]_i_7_n_0
    SLICE_X34Y75         LUT6 (Prop_lut6_I5_O)        0.124     7.499 f  Core/round_keys[0][127]_i_4/O
                         net (fo=1, routed)           0.339     7.838    Core/round_keys[0][127]_i_4_n_0
    SLICE_X34Y73         LUT6 (Prop_lut6_I0_O)        0.124     7.962 f  Core/round_keys[0][127]_i_3/O
                         net (fo=13, routed)          0.477     8.439    Core/round_keys[0][127]_i_3_n_0
    SLICE_X32Y72         LUT6 (Prop_lut6_I5_O)        0.124     8.563 r  Core/FSM_onehot_state[2]_i_13/O
                         net (fo=1, routed)           0.000     8.563    Core/FSM_onehot_state[2]_i_13_n_0
    SLICE_X32Y72         CARRY4 (Prop_carry4_S[0]_CO[3])
                                                      0.532     9.095 r  Core/FSM_onehot_state_reg[2]_i_7/CO[3]
                         net (fo=1, routed)           0.000     9.095    Core/FSM_onehot_state_reg[2]_i_7_n_0
    SLICE_X32Y73         CARRY4 (Prop_carry4_CI_O[1])
                                                      0.334     9.429 f  Core/nonce_reg[127]_i_9/O[1]
                         net (fo=2, routed)           0.987    10.416    Core/i__0[5]
    SLICE_X34Y72         LUT6 (Prop_lut6_I2_O)        0.303    10.719 r  Core/nonce[127]_i_10/O
                         net (fo=1, routed)           0.466    11.185    Core/nonce[127]_i_10_n_0
    SLICE_X34Y72         LUT6 (Prop_lut6_I5_O)        0.124    11.309 r  Core/nonce[127]_i_3/O
                         net (fo=1, routed)           0.719    12.028    Core/nonce[127]_i_3_n_0
    SLICE_X35Y76         LUT6 (Prop_lut6_I0_O)        0.124    12.152 r  Core/nonce[127]_i_1/O
                         net (fo=128, routed)         1.494    13.646    Core/nonce
    SLICE_X50Y99         FDCE                                         r  Core/nonce_reg[121]/CE
  -------------------------------------------------------------------    -------------------

                         (clock sys_clk_pin rise edge)
                                                     10.000    10.000 r  
    E3                                                0.000    10.000 r  clk (IN)
                         net (fo=0)                   0.000    10.000    clk
    E3                   IBUF (Prop_ibuf_I_O)         1.411    11.411 r  clk_IBUF_inst/O
                         net (fo=1, routed)           1.920    13.331    clk_IBUF
    BUFGCTRL_X0Y16       BUFG (Prop_bufg_I_O)         0.091    13.422 r  clk_IBUF_BUFG_inst/O
                         net (fo=2353, routed)        1.512    14.935    Core/clk_IBUF_BUFG
    SLICE_X50Y99         FDCE                                         r  Core/nonce_reg[121]/C
                         clock pessimism              0.259    15.194    
                         clock uncertainty           -0.035    15.158    
    SLICE_X50Y99         FDCE (Setup_fdce_C_CE)      -0.169    14.989    Core/nonce_reg[121]
  -------------------------------------------------------------------
                         required time                         14.989    
                         arrival time                         -13.646    
  -------------------------------------------------------------------
                         slack                                  1.343    

Slack (MET) :             1.343ns  (required time - arrival time)
  Source:                 Core/i_reg[21]/C
                            (rising edge-triggered cell FDRE clocked by sys_clk_pin  {rise@0.000ns fall@5.000ns period=10.000ns})
  Destination:            Core/nonce_reg[122]/CE
                            (rising edge-triggered cell FDCE clocked by sys_clk_pin  {rise@0.000ns fall@5.000ns period=10.000ns})
  Path Group:             sys_clk_pin
  Path Type:              Setup (Max at Slow Process Corner)
  Requirement:            10.000ns  (sys_clk_pin rise@10.000ns - sys_clk_pin rise@0.000ns)
  Data Path Delay:        8.420ns  (logic 2.493ns (29.609%)  route 5.927ns (70.391%))
  Logic Levels:           10  (CARRY4=2 LUT4=1 LUT5=1 LUT6=6)
  Clock Path Skew:        -0.033ns (DCD - SCD + CPR)
    Destination Clock Delay (DCD):    4.935ns = ( 14.935 - 10.000 ) 
    Source Clock Delay      (SCD):    5.227ns
    Clock Pessimism Removal (CPR):    0.259ns
  Clock Uncertainty:      0.035ns  ((TSJ^2 + TIJ^2)^1/2 + DJ) / 2 + PE
    Total System Jitter     (TSJ):    0.071ns
    Total Input Jitter      (TIJ):    0.000ns
    Discrete Jitter          (DJ):    0.000ns
    Phase Error              (PE):    0.000ns

    Location             Delay type                Incr(ns)  Path(ns)    Netlist Resource(s)
  -------------------------------------------------------------------    -------------------
                         (clock sys_clk_pin rise edge)
                                                      0.000     0.000 r  
    E3                                                0.000     0.000 r  clk (IN)
                         net (fo=0)                   0.000     0.000    clk
    E3                   IBUF (Prop_ibuf_I_O)         1.482     1.482 r  clk_IBUF_inst/O
                         net (fo=1, routed)           2.025     3.506    clk_IBUF
    BUFGCTRL_X0Y16       BUFG (Prop_bufg_I_O)         0.096     3.602 r  clk_IBUF_BUFG_inst/O
                         net (fo=2353, routed)        1.624     5.227    Core/clk_IBUF_BUFG
    SLICE_X33Y77         FDRE                                         r  Core/i_reg[21]/C
  -------------------------------------------------------------------    -------------------
    SLICE_X33Y77         FDRE (Prop_fdre_C_Q)         0.456     5.683 f  Core/i_reg[21]/Q
                         net (fo=3, routed)           0.859     6.542    Core/i_reg[21]
    SLICE_X34Y77         LUT4 (Prop_lut4_I0_O)        0.124     6.666 f  Core/round_keys[0][127]_i_9/O
                         net (fo=1, routed)           0.423     7.089    Core/round_keys[0][127]_i_9_n_0
    SLICE_X34Y75         LUT5 (Prop_lut5_I4_O)        0.124     7.213 f  Core/round_keys[0][127]_i_7/O
                         net (fo=1, routed)           0.162     7.375    Core/round_keys[0][127]_i_7_n_0
    SLICE_X34Y75         LUT6 (Prop_lut6_I5_O)        0.124     7.499 f  Core/round_keys[0][127]_i_4/O
                         net (fo=1, routed)           0.339     7.838    Core/round_keys[0][127]_i_4_n_0
    SLICE_X34Y73         LUT6 (Prop_lut6_I0_O)        0.124     7.962 f  Core/round_keys[0][127]_i_3/O
                         net (fo=13, routed)          0.477     8.439    Core/round_keys[0][127]_i_3_n_0
    SLICE_X32Y72         LUT6 (Prop_lut6_I5_O)        0.124     8.563 r  Core/FSM_onehot_state[2]_i_13/O
                         net (fo=1, routed)           0.000     8.563    Core/FSM_onehot_state[2]_i_13_n_0
    SLICE_X32Y72         CARRY4 (Prop_carry4_S[0]_CO[3])
                                                      0.532     9.095 r  Core/FSM_onehot_state_reg[2]_i_7/CO[3]
                         net (fo=1, routed)           0.000     9.095    Core/FSM_onehot_state_reg[2]_i_7_n_0
    SLICE_X32Y73         CARRY4 (Prop_carry4_CI_O[1])
                                                      0.334     9.429 f  Core/nonce_reg[127]_i_9/O[1]
                         net (fo=2, routed)           0.987    10.416    Core/i__0[5]
    SLICE_X34Y72         LUT6 (Prop_lut6_I2_O)        0.303    10.719 r  Core/nonce[127]_i_10/O
                         net (fo=1, routed)           0.466    11.185    Core/nonce[127]_i_10_n_0
    SLICE_X34Y72         LUT6 (Prop_lut6_I5_O)        0.124    11.309 r  Core/nonce[127]_i_3/O
                         net (fo=1, routed)           0.719    12.028    Core/nonce[127]_i_3_n_0
    SLICE_X35Y76         LUT6 (Prop_lut6_I0_O)        0.124    12.152 r  Core/nonce[127]_i_1/O
                         net (fo=128, routed)         1.494    13.646    Core/nonce
    SLICE_X50Y99         FDCE                                         r  Core/nonce_reg[122]/CE
  -------------------------------------------------------------------    -------------------

                         (clock sys_clk_pin rise edge)
                                                     10.000    10.000 r  
    E3                                                0.000    10.000 r  clk (IN)
                         net (fo=0)                   0.000    10.000    clk
    E3                   IBUF (Prop_ibuf_I_O)         1.411    11.411 r  clk_IBUF_inst/O
                         net (fo=1, routed)           1.920    13.331    clk_IBUF
    BUFGCTRL_X0Y16       BUFG (Prop_bufg_I_O)         0.091    13.422 r  clk_IBUF_BUFG_inst/O
                         net (fo=2353, routed)        1.512    14.935    Core/clk_IBUF_BUFG
    SLICE_X50Y99         FDCE                                         r  Core/nonce_reg[122]/C
                         clock pessimism              0.259    15.194    
                         clock uncertainty           -0.035    15.158    
    SLICE_X50Y99         FDCE (Setup_fdce_C_CE)      -0.169    14.989    Core/nonce_reg[122]
  -------------------------------------------------------------------
                         required time                         14.989    
                         arrival time                         -13.646    
  -------------------------------------------------------------------
                         slack                                  1.343    





Min Delay Paths
--------------------------------------------------------------------------------------
Slack (MET) :             0.070ns  (arrival time - required time)
  Source:                 key_expansion/word_reg[4][18]/C
                            (rising edge-triggered cell FDRE clocked by sys_clk_pin  {rise@0.000ns fall@5.000ns period=10.000ns})
  Destination:            key_expansion/word_reg[5][18]/D
                            (rising edge-triggered cell FDRE clocked by sys_clk_pin  {rise@0.000ns fall@5.000ns period=10.000ns})
  Path Group:             sys_clk_pin
  Path Type:              Hold (Min at Fast Process Corner)
  Requirement:            0.000ns  (sys_clk_pin rise@0.000ns - sys_clk_pin rise@0.000ns)
  Data Path Delay:        0.429ns  (logic 0.186ns (43.314%)  route 0.243ns (56.686%))
  Logic Levels:           1  (LUT2=1)
  Clock Path Skew:        0.268ns (DCD - SCD - CPR)
    Destination Clock Delay (DCD):    2.000ns
    Source Clock Delay      (SCD):    1.481ns
    Clock Pessimism Removal (CPR):    0.250ns

    Location             Delay type                Incr(ns)  Path(ns)    Netlist Resource(s)
  -------------------------------------------------------------------    -------------------
                         (clock sys_clk_pin rise edge)
                                                      0.000     0.000 r  
    E3                                                0.000     0.000 r  clk (IN)
                         net (fo=0)                   0.000     0.000    clk
    E3                   IBUF (Prop_ibuf_I_O)         0.250     0.250 r  clk_IBUF_inst/O
                         net (fo=1, routed)           0.644     0.894    clk_IBUF
    BUFGCTRL_X0Y16       BUFG (Prop_bufg_I_O)         0.026     0.920 r  clk_IBUF_BUFG_inst/O
                         net (fo=2353, routed)        0.562     1.481    key_expansion/clk_IBUF_BUFG
    SLICE_X57Y87         FDRE                                         r  key_expansion/word_reg[4][18]/C
  -------------------------------------------------------------------    -------------------
    SLICE_X57Y87         FDRE (Prop_fdre_C_Q)         0.141     1.622 r  key_expansion/word_reg[4][18]/Q
                         net (fo=3, routed)           0.243     1.866    key_expansion/word_reg[4]_4[13]
    SLICE_X48Y88         LUT2 (Prop_lut2_I0_O)        0.045     1.911 r  key_expansion/word[5][18]_i_1/O
                         net (fo=1, routed)           0.000     1.911    key_expansion/p_2_out[13]
    SLICE_X48Y88         FDRE                                         r  key_expansion/word_reg[5][18]/D
  -------------------------------------------------------------------    -------------------

                         (clock sys_clk_pin rise edge)
                                                      0.000     0.000 r  
    E3                                                0.000     0.000 r  clk (IN)
                         net (fo=0)                   0.000     0.000    clk
    E3                   IBUF (Prop_ibuf_I_O)         0.438     0.438 r  clk_IBUF_inst/O
                         net (fo=1, routed)           0.699     1.136    clk_IBUF
    BUFGCTRL_X0Y16       BUFG (Prop_bufg_I_O)         0.029     1.165 r  clk_IBUF_BUFG_inst/O
                         net (fo=2353, routed)        0.835     2.000    key_expansion/clk_IBUF_BUFG
    SLICE_X48Y88         FDRE                                         r  key_expansion/word_reg[5][18]/C
                         clock pessimism             -0.250     1.749    
    SLICE_X48Y88         FDRE (Hold_fdre_C_D)         0.091     1.840    key_expansion/word_reg[5][18]
  -------------------------------------------------------------------
                         required time                         -1.840    
                         arrival time                           1.911    
  -------------------------------------------------------------------
                         slack                                  0.070    

Slack (MET) :             0.071ns  (arrival time - required time)
  Source:                 key_expansion/word_reg[4][7]/C
                            (rising edge-triggered cell FDRE clocked by sys_clk_pin  {rise@0.000ns fall@5.000ns period=10.000ns})
  Destination:            key_expansion/word_reg[5][7]/D
                            (rising edge-triggered cell FDRE clocked by sys_clk_pin  {rise@0.000ns fall@5.000ns period=10.000ns})
  Path Group:             sys_clk_pin
  Path Type:              Hold (Min at Fast Process Corner)
  Requirement:            0.000ns  (sys_clk_pin rise@0.000ns - sys_clk_pin rise@0.000ns)
  Data Path Delay:        0.430ns  (logic 0.186ns (43.284%)  route 0.244ns (56.716%))
  Logic Levels:           1  (LUT2=1)
  Clock Path Skew:        0.267ns (DCD - SCD - CPR)
    Destination Clock Delay (DCD):    2.000ns
    Source Clock Delay      (SCD):    1.482ns
    Clock Pessimism Removal (CPR):    0.250ns

    Location             Delay type                Incr(ns)  Path(ns)    Netlist Resource(s)
  -------------------------------------------------------------------    -------------------
                         (clock sys_clk_pin rise edge)
                                                      0.000     0.000 r  
    E3                                                0.000     0.000 r  clk (IN)
                         net (fo=0)                   0.000     0.000    clk
    E3                   IBUF (Prop_ibuf_I_O)         0.250     0.250 r  clk_IBUF_inst/O
                         net (fo=1, routed)           0.644     0.894    clk_IBUF
    BUFGCTRL_X0Y16       BUFG (Prop_bufg_I_O)         0.026     0.920 r  clk_IBUF_BUFG_inst/O
                         net (fo=2353, routed)        0.563     1.482    key_expansion/clk_IBUF_BUFG
    SLICE_X57Y88         FDRE                                         r  key_expansion/word_reg[4][7]/C
  -------------------------------------------------------------------    -------------------
    SLICE_X57Y88         FDRE (Prop_fdre_C_Q)         0.141     1.623 r  key_expansion/word_reg[4][7]/Q
                         net (fo=3, routed)           0.244     1.867    key_expansion/word_reg[4]_4[24]
    SLICE_X49Y89         LUT2 (Prop_lut2_I0_O)        0.045     1.912 r  key_expansion/word[5][7]_i_1/O
                         net (fo=1, routed)           0.000     1.912    key_expansion/p_2_out[24]
    SLICE_X49Y89         FDRE                                         r  key_expansion/word_reg[5][7]/D
  -------------------------------------------------------------------    -------------------

                         (clock sys_clk_pin rise edge)
                                                      0.000     0.000 r  
    E3                                                0.000     0.000 r  clk (IN)
                         net (fo=0)                   0.000     0.000    clk
    E3                   IBUF (Prop_ibuf_I_O)         0.438     0.438 r  clk_IBUF_inst/O
                         net (fo=1, routed)           0.699     1.136    clk_IBUF
    BUFGCTRL_X0Y16       BUFG (Prop_bufg_I_O)         0.029     1.165 r  clk_IBUF_BUFG_inst/O
                         net (fo=2353, routed)        0.835     2.000    key_expansion/clk_IBUF_BUFG
    SLICE_X49Y89         FDRE                                         r  key_expansion/word_reg[5][7]/C
                         clock pessimism             -0.250     1.749    
    SLICE_X49Y89         FDRE (Hold_fdre_C_D)         0.092     1.841    key_expansion/word_reg[5][7]
  -------------------------------------------------------------------
                         required time                         -1.841    
                         arrival time                           1.912    
  -------------------------------------------------------------------
                         slack                                  0.071    

Slack (MET) :             0.088ns  (arrival time - required time)
  Source:                 key_expansion/word_reg[6][26]/C
                            (rising edge-triggered cell FDRE clocked by sys_clk_pin  {rise@0.000ns fall@5.000ns period=10.000ns})
  Destination:            key_expansion/word_reg[7][26]/D
                            (rising edge-triggered cell FDRE clocked by sys_clk_pin  {rise@0.000ns fall@5.000ns period=10.000ns})
  Path Group:             sys_clk_pin
  Path Type:              Hold (Min at Fast Process Corner)
  Requirement:            0.000ns  (sys_clk_pin rise@0.000ns - sys_clk_pin rise@0.000ns)
  Data Path Delay:        0.466ns  (logic 0.186ns (39.899%)  route 0.280ns (60.101%))
  Logic Levels:           1  (LUT2=1)
  Clock Path Skew:        0.258ns (DCD - SCD - CPR)
    Destination Clock Delay (DCD):    1.991ns
    Source Clock Delay      (SCD):    1.482ns
    Clock Pessimism Removal (CPR):    0.250ns

    Location             Delay type                Incr(ns)  Path(ns)    Netlist Resource(s)
  -------------------------------------------------------------------    -------------------
                         (clock sys_clk_pin rise edge)
                                                      0.000     0.000 r  
    E3                                                0.000     0.000 r  clk (IN)
                         net (fo=0)                   0.000     0.000    clk
    E3                   IBUF (Prop_ibuf_I_O)         0.250     0.250 r  clk_IBUF_inst/O
                         net (fo=1, routed)           0.644     0.894    clk_IBUF
    BUFGCTRL_X0Y16       BUFG (Prop_bufg_I_O)         0.026     0.920 r  clk_IBUF_BUFG_inst/O
                         net (fo=2353, routed)        0.563     1.482    key_expansion/clk_IBUF_BUFG
    SLICE_X47Y87         FDRE                                         r  key_expansion/word_reg[6][26]/C
  -------------------------------------------------------------------    -------------------
    SLICE_X47Y87         FDRE (Prop_fdre_C_Q)         0.141     1.623 r  key_expansion/word_reg[6][26]/Q
                         net (fo=3, routed)           0.280     1.904    key_expansion/word_reg[6]_2[5]
    SLICE_X56Y81         LUT2 (Prop_lut2_I0_O)        0.045     1.949 r  key_expansion/word[7][26]_i_1/O
                         net (fo=1, routed)           0.000     1.949    key_expansion/p_0_out[5]
    SLICE_X56Y81         FDRE                                         r  key_expansion/word_reg[7][26]/D
  -------------------------------------------------------------------    -------------------

                         (clock sys_clk_pin rise edge)
                                                      0.000     0.000 r  
    E3                                                0.000     0.000 r  clk (IN)
                         net (fo=0)                   0.000     0.000    clk
    E3                   IBUF (Prop_ibuf_I_O)         0.438     0.438 r  clk_IBUF_inst/O
                         net (fo=1, routed)           0.699     1.136    clk_IBUF
    BUFGCTRL_X0Y16       BUFG (Prop_bufg_I_O)         0.029     1.165 r  clk_IBUF_BUFG_inst/O
                         net (fo=2353, routed)        0.826     1.991    key_expansion/clk_IBUF_BUFG
    SLICE_X56Y81         FDRE                                         r  key_expansion/word_reg[7][26]/C
                         clock pessimism             -0.250     1.740    
    SLICE_X56Y81         FDRE (Hold_fdre_C_D)         0.120     1.860    key_expansion/word_reg[7][26]
  -------------------------------------------------------------------
                         required time                         -1.860    
                         arrival time                           1.949    
  -------------------------------------------------------------------
                         slack                                  0.088    

Slack (MET) :             0.106ns  (arrival time - required time)
  Source:                 key_expansion/word_reg[6][23]/C
                            (rising edge-triggered cell FDRE clocked by sys_clk_pin  {rise@0.000ns fall@5.000ns period=10.000ns})
  Destination:            key_expansion/word_reg[7][23]/D
                            (rising edge-triggered cell FDRE clocked by sys_clk_pin  {rise@0.000ns fall@5.000ns period=10.000ns})
  Path Group:             sys_clk_pin
  Path Type:              Hold (Min at Fast Process Corner)
  Requirement:            0.000ns  (sys_clk_pin rise@0.000ns - sys_clk_pin rise@0.000ns)
  Data Path Delay:        0.458ns  (logic 0.209ns (45.672%)  route 0.249ns (54.328%))
  Logic Levels:           1  (LUT2=1)
  Clock Path Skew:        0.260ns (DCD - SCD - CPR)
    Destination Clock Delay (DCD):    1.993ns
    Source Clock Delay      (SCD):    1.482ns
    Clock Pessimism Removal (CPR):    0.250ns

    Location             Delay type                Incr(ns)  Path(ns)    Netlist Resource(s)
  -------------------------------------------------------------------    -------------------
                         (clock sys_clk_pin rise edge)
                                                      0.000     0.000 r  
    E3                                                0.000     0.000 r  clk (IN)
                         net (fo=0)                   0.000     0.000    clk
    E3                   IBUF (Prop_ibuf_I_O)         0.250     0.250 r  clk_IBUF_inst/O
                         net (fo=1, routed)           0.644     0.894    clk_IBUF
    BUFGCTRL_X0Y16       BUFG (Prop_bufg_I_O)         0.026     0.920 r  clk_IBUF_BUFG_inst/O
                         net (fo=2353, routed)        0.563     1.482    key_expansion/clk_IBUF_BUFG
    SLICE_X50Y88         FDRE                                         r  key_expansion/word_reg[6][23]/C
  -------------------------------------------------------------------    -------------------
    SLICE_X50Y88         FDRE (Prop_fdre_C_Q)         0.164     1.646 r  key_expansion/word_reg[6][23]/Q
                         net (fo=3, routed)           0.249     1.895    key_expansion/word_reg[6]_2[8]
    SLICE_X57Y83         LUT2 (Prop_lut2_I0_O)        0.045     1.940 r  key_expansion/word[7][23]_i_1/O
                         net (fo=1, routed)           0.000     1.940    key_expansion/p_0_out[8]
    SLICE_X57Y83         FDRE                                         r  key_expansion/word_reg[7][23]/D
  -------------------------------------------------------------------    -------------------

                         (clock sys_clk_pin rise edge)
                                                      0.000     0.000 r  
    E3                                                0.000     0.000 r  clk (IN)
                         net (fo=0)                   0.000     0.000    clk
    E3                   IBUF (Prop_ibuf_I_O)         0.438     0.438 r  clk_IBUF_inst/O
                         net (fo=1, routed)           0.699     1.136    clk_IBUF
    BUFGCTRL_X0Y16       BUFG (Prop_bufg_I_O)         0.029     1.165 r  clk_IBUF_BUFG_inst/O
                         net (fo=2353, routed)        0.828     1.993    key_expansion/clk_IBUF_BUFG
    SLICE_X57Y83         FDRE                                         r  key_expansion/word_reg[7][23]/C
                         clock pessimism             -0.250     1.742    
    SLICE_X57Y83         FDRE (Hold_fdre_C_D)         0.092     1.834    key_expansion/word_reg[7][23]
  -------------------------------------------------------------------
                         required time                         -1.834    
                         arrival time                           1.940    
  -------------------------------------------------------------------
                         slack                                  0.106    

Slack (MET) :             0.109ns  (arrival time - required time)
  Source:                 key_expansion/word_reg[0][12]/C
                            (rising edge-triggered cell FDRE clocked by sys_clk_pin  {rise@0.000ns fall@5.000ns period=10.000ns})
  Destination:            key_expansion/word_reg[4][12]/D
                            (rising edge-triggered cell FDRE clocked by sys_clk_pin  {rise@0.000ns fall@5.000ns period=10.000ns})
  Path Group:             sys_clk_pin
  Path Type:              Hold (Min at Fast Process Corner)
  Requirement:            0.000ns  (sys_clk_pin rise@0.000ns - sys_clk_pin rise@0.000ns)
  Data Path Delay:        0.242ns  (logic 0.186ns (76.827%)  route 0.056ns (23.174%))
  Logic Levels:           1  (LUT2=1)
  Clock Path Skew:        0.013ns (DCD - SCD - CPR)
    Destination Clock Delay (DCD):    2.001ns
    Source Clock Delay      (SCD):    1.484ns
    Clock Pessimism Removal (CPR):    0.503ns

    Location             Delay type                Incr(ns)  Path(ns)    Netlist Resource(s)
  -------------------------------------------------------------------    -------------------
                         (clock sys_clk_pin rise edge)
                                                      0.000     0.000 r  
    E3                                                0.000     0.000 r  clk (IN)
                         net (fo=0)                   0.000     0.000    clk
    E3                   IBUF (Prop_ibuf_I_O)         0.250     0.250 r  clk_IBUF_inst/O
                         net (fo=1, routed)           0.644     0.894    clk_IBUF
    BUFGCTRL_X0Y16       BUFG (Prop_bufg_I_O)         0.026     0.920 r  clk_IBUF_BUFG_inst/O
                         net (fo=2353, routed)        0.565     1.484    key_expansion/clk_IBUF_BUFG
    SLICE_X59Y90         FDRE                                         r  key_expansion/word_reg[0][12]/C
  -------------------------------------------------------------------    -------------------
    SLICE_X59Y90         FDRE (Prop_fdre_C_Q)         0.141     1.625 r  key_expansion/word_reg[0][12]/Q
                         net (fo=1, routed)           0.056     1.681    key_expansion/word_reg[0]_7[19]
    SLICE_X58Y90         LUT2 (Prop_lut2_I0_O)        0.045     1.726 r  key_expansion/word[4][12]_i_1/O
                         net (fo=1, routed)           0.000     1.726    key_expansion/p_3_out[19]
    SLICE_X58Y90         FDRE                                         r  key_expansion/word_reg[4][12]/D
  -------------------------------------------------------------------    -------------------

                         (clock sys_clk_pin rise edge)
                                                      0.000     0.000 r  
    E3                                                0.000     0.000 r  clk (IN)
                         net (fo=0)                   0.000     0.000    clk
    E3                   IBUF (Prop_ibuf_I_O)         0.438     0.438 r  clk_IBUF_inst/O
                         net (fo=1, routed)           0.699     1.136    clk_IBUF
    BUFGCTRL_X0Y16       BUFG (Prop_bufg_I_O)         0.029     1.165 r  clk_IBUF_BUFG_inst/O
                         net (fo=2353, routed)        0.836     2.001    key_expansion/clk_IBUF_BUFG
    SLICE_X58Y90         FDRE                                         r  key_expansion/word_reg[4][12]/C
                         clock pessimism             -0.503     1.497    
    SLICE_X58Y90         FDRE (Hold_fdre_C_D)         0.120     1.617    key_expansion/word_reg[4][12]
  -------------------------------------------------------------------
                         required time                         -1.617    
                         arrival time                           1.726    
  -------------------------------------------------------------------
                         slack                                  0.109    

Slack (MET) :             0.109ns  (arrival time - required time)
  Source:                 key_expansion/word_reg[2][11]/C
                            (rising edge-triggered cell FDRE clocked by sys_clk_pin  {rise@0.000ns fall@5.000ns period=10.000ns})
  Destination:            key_expansion/word_reg[6][11]/D
                            (rising edge-triggered cell FDRE clocked by sys_clk_pin  {rise@0.000ns fall@5.000ns period=10.000ns})
  Path Group:             sys_clk_pin
  Path Type:              Hold (Min at Fast Process Corner)
  Requirement:            0.000ns  (sys_clk_pin rise@0.000ns - sys_clk_pin rise@0.000ns)
  Data Path Delay:        0.242ns  (logic 0.186ns (76.827%)  route 0.056ns (23.174%))
  Logic Levels:           1  (LUT2=1)
  Clock Path Skew:        0.013ns (DCD - SCD - CPR)
    Destination Clock Delay (DCD):    2.000ns
    Source Clock Delay      (SCD):    1.483ns
    Clock Pessimism Removal (CPR):    0.503ns

    Location             Delay type                Incr(ns)  Path(ns)    Netlist Resource(s)
  -------------------------------------------------------------------    -------------------
                         (clock sys_clk_pin rise edge)
                                                      0.000     0.000 r  
    E3                                                0.000     0.000 r  clk (IN)
                         net (fo=0)                   0.000     0.000    clk
    E3                   IBUF (Prop_ibuf_I_O)         0.250     0.250 r  clk_IBUF_inst/O
                         net (fo=1, routed)           0.644     0.894    clk_IBUF
    BUFGCTRL_X0Y16       BUFG (Prop_bufg_I_O)         0.026     0.920 r  clk_IBUF_BUFG_inst/O
                         net (fo=2353, routed)        0.564     1.483    key_expansion/clk_IBUF_BUFG
    SLICE_X59Y88         FDRE                                         r  key_expansion/word_reg[2][11]/C
  -------------------------------------------------------------------    -------------------
    SLICE_X59Y88         FDRE (Prop_fdre_C_Q)         0.141     1.624 r  key_expansion/word_reg[2][11]/Q
                         net (fo=1, routed)           0.056     1.680    key_expansion/word_reg[2]_5[20]
    SLICE_X58Y88         LUT2 (Prop_lut2_I1_O)        0.045     1.725 r  key_expansion/word[6][11]_i_1/O
                         net (fo=1, routed)           0.000     1.725    key_expansion/p_1_out[20]
    SLICE_X58Y88         FDRE                                         r  key_expansion/word_reg[6][11]/D
  -------------------------------------------------------------------    -------------------

                         (clock sys_clk_pin rise edge)
                                                      0.000     0.000 r  
    E3                                                0.000     0.000 r  clk (IN)
                         net (fo=0)                   0.000     0.000    clk
    E3                   IBUF (Prop_ibuf_I_O)         0.438     0.438 r  clk_IBUF_inst/O
                         net (fo=1, routed)           0.699     1.136    clk_IBUF
    BUFGCTRL_X0Y16       BUFG (Prop_bufg_I_O)         0.029     1.165 r  clk_IBUF_BUFG_inst/O
                         net (fo=2353, routed)        0.835     2.000    key_expansion/clk_IBUF_BUFG
    SLICE_X58Y88         FDRE                                         r  key_expansion/word_reg[6][11]/C
                         clock pessimism             -0.503     1.496    
    SLICE_X58Y88         FDRE (Hold_fdre_C_D)         0.120     1.616    key_expansion/word_reg[6][11]
  -------------------------------------------------------------------
                         required time                         -1.616    
                         arrival time                           1.725    
  -------------------------------------------------------------------
                         slack                                  0.109    

Slack (MET) :             0.110ns  (arrival time - required time)
  Source:                 key_expansion/expanded_key_reg[82]/C
                            (rising edge-triggered cell FDCE clocked by sys_clk_pin  {rise@0.000ns fall@5.000ns period=10.000ns})
  Destination:            Core/round_keys_reg[5][82]/D
                            (rising edge-triggered cell FDRE clocked by sys_clk_pin  {rise@0.000ns fall@5.000ns period=10.000ns})
  Path Group:             sys_clk_pin
  Path Type:              Hold (Min at Fast Process Corner)
  Requirement:            0.000ns  (sys_clk_pin rise@0.000ns - sys_clk_pin rise@0.000ns)
  Data Path Delay:        0.394ns  (logic 0.128ns (32.527%)  route 0.266ns (67.473%))
  Logic Levels:           0  
  Clock Path Skew:        0.265ns (DCD - SCD - CPR)
    Destination Clock Delay (DCD):    1.999ns
    Source Clock Delay      (SCD):    1.483ns
    Clock Pessimism Removal (CPR):    0.250ns

    Location             Delay type                Incr(ns)  Path(ns)    Netlist Resource(s)
  -------------------------------------------------------------------    -------------------
                         (clock sys_clk_pin rise edge)
                                                      0.000     0.000 r  
    E3                                                0.000     0.000 r  clk (IN)
                         net (fo=0)                   0.000     0.000    clk
    E3                   IBUF (Prop_ibuf_I_O)         0.250     0.250 r  clk_IBUF_inst/O
                         net (fo=1, routed)           0.644     0.894    clk_IBUF
    BUFGCTRL_X0Y16       BUFG (Prop_bufg_I_O)         0.026     0.920 r  clk_IBUF_BUFG_inst/O
                         net (fo=2353, routed)        0.564     1.483    key_expansion/clk_IBUF_BUFG
    SLICE_X57Y91         FDCE                                         r  key_expansion/expanded_key_reg[82]/C
  -------------------------------------------------------------------    -------------------
    SLICE_X57Y91         FDCE (Prop_fdce_C_Q)         0.128     1.611 r  key_expansion/expanded_key_reg[82]/Q
                         net (fo=11, routed)          0.266     1.877    Core/Q[82]
    SLICE_X51Y90         FDRE                                         r  Core/round_keys_reg[5][82]/D
  -------------------------------------------------------------------    -------------------

                         (clock sys_clk_pin rise edge)
                                                      0.000     0.000 r  
    E3                                                0.000     0.000 r  clk (IN)
                         net (fo=0)                   0.000     0.000    clk
    E3                   IBUF (Prop_ibuf_I_O)         0.438     0.438 r  clk_IBUF_inst/O
                         net (fo=1, routed)           0.699     1.136    clk_IBUF
    BUFGCTRL_X0Y16       BUFG (Prop_bufg_I_O)         0.029     1.165 r  clk_IBUF_BUFG_inst/O
                         net (fo=2353, routed)        0.834     1.999    Core/clk_IBUF_BUFG
    SLICE_X51Y90         FDRE                                         r  Core/round_keys_reg[5][82]/C
                         clock pessimism             -0.250     1.748    
    SLICE_X51Y90         FDRE (Hold_fdre_C_D)         0.019     1.767    Core/round_keys_reg[5][82]
  -------------------------------------------------------------------
                         required time                         -1.767    
                         arrival time                           1.877    
  -------------------------------------------------------------------
                         slack                                  0.110    

Slack (MET) :             0.117ns  (arrival time - required time)
  Source:                 key_expansion/word_reg[6][31]/C
                            (rising edge-triggered cell FDRE clocked by sys_clk_pin  {rise@0.000ns fall@5.000ns period=10.000ns})
  Destination:            key_expansion/expanded_key_reg[32]/D
                            (rising edge-triggered cell FDCE clocked by sys_clk_pin  {rise@0.000ns fall@5.000ns period=10.000ns})
  Path Group:             sys_clk_pin
  Path Type:              Hold (Min at Fast Process Corner)
  Requirement:            0.000ns  (sys_clk_pin rise@0.000ns - sys_clk_pin rise@0.000ns)
  Data Path Delay:        0.482ns  (logic 0.187ns (38.799%)  route 0.295ns (61.201%))
  Logic Levels:           1  (LUT2=1)
  Clock Path Skew:        0.258ns (DCD - SCD - CPR)
    Destination Clock Delay (DCD):    1.990ns
    Source Clock Delay      (SCD):    1.481ns
    Clock Pessimism Removal (CPR):    0.250ns

    Location             Delay type                Incr(ns)  Path(ns)    Netlist Resource(s)
  -------------------------------------------------------------------    -------------------
                         (clock sys_clk_pin rise edge)
                                                      0.000     0.000 r  
    E3                                                0.000     0.000 r  clk (IN)
                         net (fo=0)                   0.000     0.000    clk
    E3                   IBUF (Prop_ibuf_I_O)         0.250     0.250 r  clk_IBUF_inst/O
                         net (fo=1, routed)           0.644     0.894    clk_IBUF
    BUFGCTRL_X0Y16       BUFG (Prop_bufg_I_O)         0.026     0.920 r  clk_IBUF_BUFG_inst/O
                         net (fo=2353, routed)        0.562     1.481    key_expansion/clk_IBUF_BUFG
    SLICE_X49Y85         FDRE                                         r  key_expansion/word_reg[6][31]/C
  -------------------------------------------------------------------    -------------------
    SLICE_X49Y85         FDRE (Prop_fdre_C_Q)         0.141     1.622 r  key_expansion/word_reg[6][31]/Q
                         net (fo=3, routed)           0.295     1.917    key_expansion/word_reg[6]_2[0]
    SLICE_X52Y81         LUT2 (Prop_lut2_I0_O)        0.046     1.963 r  key_expansion/expanded_key[32]_i_1/O
                         net (fo=1, routed)           0.000     1.963    key_expansion/expanded_key[32]_i_1_n_0
    SLICE_X52Y81         FDCE                                         r  key_expansion/expanded_key_reg[32]/D
  -------------------------------------------------------------------    -------------------

                         (clock sys_clk_pin rise edge)
                                                      0.000     0.000 r  
    E3                                                0.000     0.000 r  clk (IN)
                         net (fo=0)                   0.000     0.000    clk
    E3                   IBUF (Prop_ibuf_I_O)         0.438     0.438 r  clk_IBUF_inst/O
                         net (fo=1, routed)           0.699     1.136    clk_IBUF
    BUFGCTRL_X0Y16       BUFG (Prop_bufg_I_O)         0.029     1.165 r  clk_IBUF_BUFG_inst/O
                         net (fo=2353, routed)        0.825     1.990    key_expansion/clk_IBUF_BUFG
    SLICE_X52Y81         FDCE                                         r  key_expansion/expanded_key_reg[32]/C
                         clock pessimism             -0.250     1.739    
    SLICE_X52Y81         FDCE (Hold_fdce_C_D)         0.107     1.846    key_expansion/expanded_key_reg[32]
  -------------------------------------------------------------------
                         required time                         -1.846    
                         arrival time                           1.963    
  -------------------------------------------------------------------
                         slack                                  0.117    

Slack (MET) :             0.122ns  (arrival time - required time)
  Source:                 key_expansion/word_reg[7][4]/C
                            (rising edge-triggered cell FDRE clocked by sys_clk_pin  {rise@0.000ns fall@5.000ns period=10.000ns})
  Destination:            key_expansion/temp_reg[4]/D
                            (rising edge-triggered cell FDRE clocked by sys_clk_pin  {rise@0.000ns fall@5.000ns period=10.000ns})
  Path Group:             sys_clk_pin
  Path Type:              Hold (Min at Fast Process Corner)
  Requirement:            0.000ns  (sys_clk_pin rise@0.000ns - sys_clk_pin rise@0.000ns)
  Data Path Delay:        0.494ns  (logic 0.187ns (37.885%)  route 0.307ns (62.115%))
  Logic Levels:           1  (LUT3=1)
  Clock Path Skew:        0.265ns (DCD - SCD - CPR)
    Destination Clock Delay (DCD):    1.996ns
    Source Clock Delay      (SCD):    1.480ns
    Clock Pessimism Removal (CPR):    0.250ns

    Location             Delay type                Incr(ns)  Path(ns)    Netlist Resource(s)
  -------------------------------------------------------------------    -------------------
                         (clock sys_clk_pin rise edge)
                                                      0.000     0.000 r  
    E3                                                0.000     0.000 r  clk (IN)
                         net (fo=0)                   0.000     0.000    clk
    E3                   IBUF (Prop_ibuf_I_O)         0.250     0.250 r  clk_IBUF_inst/O
                         net (fo=1, routed)           0.644     0.894    clk_IBUF
    BUFGCTRL_X0Y16       BUFG (Prop_bufg_I_O)         0.026     0.920 r  clk_IBUF_BUFG_inst/O
                         net (fo=2353, routed)        0.561     1.480    key_expansion/clk_IBUF_BUFG
    SLICE_X51Y84         FDRE                                         r  key_expansion/word_reg[7][4]/C
  -------------------------------------------------------------------    -------------------
    SLICE_X51Y84         FDRE (Prop_fdre_C_Q)         0.141     1.621 r  key_expansion/word_reg[7][4]/Q
                         net (fo=3, routed)           0.307     1.928    key_expansion/word_reg[7]_0[27]
    SLICE_X59Y84         LUT3 (Prop_lut3_I0_O)        0.046     1.974 r  key_expansion/temp[4]_i_1/O
                         net (fo=1, routed)           0.000     1.974    key_expansion/temp[4]
    SLICE_X59Y84         FDRE                                         r  key_expansion/temp_reg[4]/D
  -------------------------------------------------------------------    -------------------

                         (clock sys_clk_pin rise edge)
                                                      0.000     0.000 r  
    E3                                                0.000     0.000 r  clk (IN)
                         net (fo=0)                   0.000     0.000    clk
    E3                   IBUF (Prop_ibuf_I_O)         0.438     0.438 r  clk_IBUF_inst/O
                         net (fo=1, routed)           0.699     1.136    clk_IBUF
    BUFGCTRL_X0Y16       BUFG (Prop_bufg_I_O)         0.029     1.165 r  clk_IBUF_BUFG_inst/O
                         net (fo=2353, routed)        0.831     1.996    key_expansion/clk_IBUF_BUFG
    SLICE_X59Y84         FDRE                                         r  key_expansion/temp_reg[4]/C
                         clock pessimism             -0.250     1.745    
    SLICE_X59Y84         FDRE (Hold_fdre_C_D)         0.107     1.852    key_expansion/temp_reg[4]
  -------------------------------------------------------------------
                         required time                         -1.852    
                         arrival time                           1.974    
  -------------------------------------------------------------------
                         slack                                  0.122    

Slack (MET) :             0.122ns  (arrival time - required time)
  Source:                 key_expansion/word_reg[7][0]/C
                            (rising edge-triggered cell FDRE clocked by sys_clk_pin  {rise@0.000ns fall@5.000ns period=10.000ns})
  Destination:            key_expansion/expanded_key_reg[31]/D
                            (rising edge-triggered cell FDCE clocked by sys_clk_pin  {rise@0.000ns fall@5.000ns period=10.000ns})
  Path Group:             sys_clk_pin
  Path Type:              Hold (Min at Fast Process Corner)
  Requirement:            0.000ns  (sys_clk_pin rise@0.000ns - sys_clk_pin rise@0.000ns)
  Data Path Delay:        0.475ns  (logic 0.186ns (39.135%)  route 0.289ns (60.865%))
  Logic Levels:           1  (LUT2=1)
  Clock Path Skew:        0.262ns (DCD - SCD - CPR)
    Destination Clock Delay (DCD):    1.990ns
    Source Clock Delay      (SCD):    1.477ns
    Clock Pessimism Removal (CPR):    0.250ns

    Location             Delay type                Incr(ns)  Path(ns)    Netlist Resource(s)
  -------------------------------------------------------------------    -------------------
                         (clock sys_clk_pin rise edge)
                                                      0.000     0.000 r  
    E3                                                0.000     0.000 r  clk (IN)
                         net (fo=0)                   0.000     0.000    clk
    E3                   IBUF (Prop_ibuf_I_O)         0.250     0.250 r  clk_IBUF_inst/O
                         net (fo=1, routed)           0.644     0.894    clk_IBUF
    BUFGCTRL_X0Y16       BUFG (Prop_bufg_I_O)         0.026     0.920 r  clk_IBUF_BUFG_inst/O
                         net (fo=2353, routed)        0.558     1.477    key_expansion/clk_IBUF_BUFG
    SLICE_X51Y81         FDRE                                         r  key_expansion/word_reg[7][0]/C
  -------------------------------------------------------------------    -------------------
    SLICE_X51Y81         FDRE (Prop_fdre_C_Q)         0.141     1.618 r  key_expansion/word_reg[7][0]/Q
                         net (fo=3, routed)           0.289     1.908    key_expansion/word_reg[7]_0[31]
    SLICE_X52Y81         LUT2 (Prop_lut2_I0_O)        0.045     1.953 r  key_expansion/expanded_key[31]_i_1/O
                         net (fo=1, routed)           0.000     1.953    key_expansion/expanded_key[31]_i_1_n_0
    SLICE_X52Y81         FDCE                                         r  key_expansion/expanded_key_reg[31]/D
  -------------------------------------------------------------------    -------------------

                         (clock sys_clk_pin rise edge)
                                                      0.000     0.000 r  
    E3                                                0.000     0.000 r  clk (IN)
                         net (fo=0)                   0.000     0.000    clk
    E3                   IBUF (Prop_ibuf_I_O)         0.438     0.438 r  clk_IBUF_inst/O
                         net (fo=1, routed)           0.699     1.136    clk_IBUF
    BUFGCTRL_X0Y16       BUFG (Prop_bufg_I_O)         0.029     1.165 r  clk_IBUF_BUFG_inst/O
                         net (fo=2353, routed)        0.825     1.990    key_expansion/clk_IBUF_BUFG
    SLICE_X52Y81         FDCE                                         r  key_expansion/expanded_key_reg[31]/C
                         clock pessimism             -0.250     1.739    
    SLICE_X52Y81         FDCE (Hold_fdce_C_D)         0.091     1.830    key_expansion/expanded_key_reg[31]
  -------------------------------------------------------------------
                         required time                         -1.830    
                         arrival time                           1.953    
  -------------------------------------------------------------------
                         slack                                  0.122    





Pulse Width Checks
--------------------------------------------------------------------------------------
Clock Name:         sys_clk_pin
Waveform(ns):       { 0.000 5.000 }
Period(ns):         10.000
Sources:            { clk }

Check Type        Corner  Lib Pin  Reference Pin  Required(ns)  Actual(ns)  Slack(ns)  Location        Pin
Min Period        n/a     BUFG/I   n/a            2.155         10.000      7.845      BUFGCTRL_X0Y16  clk_IBUF_BUFG_inst/I
Min Period        n/a     FDPE/C   n/a            1.000         10.000      9.000      SLICE_X33Y69    FSM_onehot_state_reg[0]/C
Min Period        n/a     FDCE/C   n/a            1.000         10.000      9.000      SLICE_X33Y69    FSM_onehot_state_reg[1]/C
Min Period        n/a     FDCE/C   n/a            1.000         10.000      9.000      SLICE_X33Y69    FSM_onehot_state_reg[2]/C
Min Period        n/a     FDCE/C   n/a            1.000         10.000      9.000      SLICE_X32Y69    data_out_reg[0]/C
Min Period        n/a     FDCE/C   n/a            1.000         10.000      9.000      SLICE_X32Y69    data_out_reg[1]/C
Min Period        n/a     FDCE/C   n/a            1.000         10.000      9.000      SLICE_X32Y70    done_2_reg/C
Min Period        n/a     FDPE/C   n/a            1.000         10.000      9.000      SLICE_X36Y76    Core/FSM_onehot_state_reg[0]/C
Min Period        n/a     FDCE/C   n/a            1.000         10.000      9.000      SLICE_X36Y76    Core/FSM_onehot_state_reg[1]/C
Min Period        n/a     FDCE/C   n/a            1.000         10.000      9.000      SLICE_X36Y76    Core/FSM_onehot_state_reg[1]_rep/C
Low Pulse Width   Slow    FDPE/C   n/a            0.500         5.000       4.500      SLICE_X33Y69    FSM_onehot_state_reg[0]/C
Low Pulse Width   Fast    FDPE/C   n/a            0.500         5.000       4.500      SLICE_X33Y69    FSM_onehot_state_reg[0]/C
Low Pulse Width   Slow    FDCE/C   n/a            0.500         5.000       4.500      SLICE_X33Y69    FSM_onehot_state_reg[1]/C
Low Pulse Width   Fast    FDCE/C   n/a            0.500         5.000       4.500      SLICE_X33Y69    FSM_onehot_state_reg[1]/C
Low Pulse Width   Slow    FDCE/C   n/a            0.500         5.000       4.500      SLICE_X33Y69    FSM_onehot_state_reg[2]/C
Low Pulse Width   Fast    FDCE/C   n/a            0.500         5.000       4.500      SLICE_X33Y69    FSM_onehot_state_reg[2]/C
Low Pulse Width   Slow    FDCE/C   n/a            0.500         5.000       4.500      SLICE_X32Y69    data_out_reg[0]/C
Low Pulse Width   Fast    FDCE/C   n/a            0.500         5.000       4.500      SLICE_X32Y69    data_out_reg[0]/C
Low Pulse Width   Slow    FDCE/C   n/a            0.500         5.000       4.500      SLICE_X32Y69    data_out_reg[1]/C
Low Pulse Width   Fast    FDCE/C   n/a            0.500         5.000       4.500      SLICE_X32Y69    data_out_reg[1]/C
High Pulse Width  Slow    FDPE/C   n/a            0.500         5.000       4.500      SLICE_X33Y69    FSM_onehot_state_reg[0]/C
High Pulse Width  Fast    FDPE/C   n/a            0.500         5.000       4.500      SLICE_X33Y69    FSM_onehot_state_reg[0]/C
High Pulse Width  Slow    FDCE/C   n/a            0.500         5.000       4.500      SLICE_X33Y69    FSM_onehot_state_reg[1]/C
High Pulse Width  Fast    FDCE/C   n/a            0.500         5.000       4.500      SLICE_X33Y69    FSM_onehot_state_reg[1]/C
High Pulse Width  Slow    FDCE/C   n/a            0.500         5.000       4.500      SLICE_X33Y69    FSM_onehot_state_reg[2]/C
High Pulse Width  Fast    FDCE/C   n/a            0.500         5.000       4.500      SLICE_X33Y69    FSM_onehot_state_reg[2]/C
High Pulse Width  Slow    FDCE/C   n/a            0.500         5.000       4.500      SLICE_X32Y69    data_out_reg[0]/C
High Pulse Width  Fast    FDCE/C   n/a            0.500         5.000       4.500      SLICE_X32Y69    data_out_reg[0]/C
High Pulse Width  Slow    FDCE/C   n/a            0.500         5.000       4.500      SLICE_X32Y69    data_out_reg[1]/C
High Pulse Width  Fast    FDCE/C   n/a            0.500         5.000       4.500      SLICE_X32Y69    data_out_reg[1]/C



--------------------------------------------------------------------------------------
Path Group:  (none)
From Clock:  sys_clk_pin
  To Clock:  

Max Delay             3 Endpoints
Min Delay             3 Endpoints
--------------------------------------------------------------------------------------


Max Delay Paths
--------------------------------------------------------------------------------------
Slack:                    inf
  Source:                 data_out_reg[0]/C
                            (rising edge-triggered cell FDCE clocked by sys_clk_pin  {rise@0.000ns fall@5.000ns period=10.000ns})
  Destination:            data_out[0]
                            (output port)
  Path Group:             (none)
  Path Type:              Max at Slow Process Corner
  Data Path Delay:        9.443ns  (logic 3.139ns (33.236%)  route 6.305ns (66.764%))
  Logic Levels:           1  (OBUF=1)
  Clock Uncertainty:      0.025ns  ((TSJ^2 + TIJ^2)^1/2 + DJ) / 2 + PE
    Total System Jitter     (TSJ):    0.050ns
    Total Input Jitter      (TIJ):    0.000ns
    Discrete Jitter          (DJ):    0.000ns
    Phase Error              (PE):    0.000ns

    Location             Delay type                Incr(ns)  Path(ns)    Netlist Resource(s)
  -------------------------------------------------------------------    -------------------
                         (clock sys_clk_pin rise edge)
                                                      0.000     0.000 r  
    E3                                                0.000     0.000 r  clk (IN)
                         net (fo=0)                   0.000     0.000    clk
    E3                   IBUF (Prop_ibuf_I_O)         1.482     1.482 r  clk_IBUF_inst/O
                         net (fo=1, routed)           2.025     3.506    clk_IBUF
    BUFGCTRL_X0Y16       BUFG (Prop_bufg_I_O)         0.096     3.602 r  clk_IBUF_BUFG_inst/O
                         net (fo=2353, routed)        1.629     5.232    clk_IBUF_BUFG
    SLICE_X32Y69         FDCE                                         r  data_out_reg[0]/C
  -------------------------------------------------------------------    -------------------
    SLICE_X32Y69         FDCE (Prop_fdce_C_Q)         0.456     5.688 r  data_out_reg[0]/Q
                         net (fo=1, routed)           6.305    11.992    data_out_OBUF[0]
    B8                   OBUF (Prop_obuf_I_O)         2.683    14.675 r  data_out_OBUF[0]_inst/O
                         net (fo=0)                   0.000    14.675    data_out[0]
    B8                                                                r  data_out[0] (OUT)
  -------------------------------------------------------------------    -------------------

Slack:                    inf
  Source:                 done_2_reg/C
                            (rising edge-triggered cell FDCE clocked by sys_clk_pin  {rise@0.000ns fall@5.000ns period=10.000ns})
  Destination:            done_2
                            (output port)
  Path Group:             (none)
  Path Type:              Max at Slow Process Corner
  Data Path Delay:        8.151ns  (logic 3.122ns (38.302%)  route 5.029ns (61.698%))
  Logic Levels:           1  (OBUF=1)
  Clock Uncertainty:      0.025ns  ((TSJ^2 + TIJ^2)^1/2 + DJ) / 2 + PE
    Total System Jitter     (TSJ):    0.050ns
    Total Input Jitter      (TIJ):    0.000ns
    Discrete Jitter          (DJ):    0.000ns
    Phase Error              (PE):    0.000ns

    Location             Delay type                Incr(ns)  Path(ns)    Netlist Resource(s)
  -------------------------------------------------------------------    -------------------
                         (clock sys_clk_pin rise edge)
                                                      0.000     0.000 r  
    E3                                                0.000     0.000 r  clk (IN)
                         net (fo=0)                   0.000     0.000    clk
    E3                   IBUF (Prop_ibuf_I_O)         1.482     1.482 r  clk_IBUF_inst/O
                         net (fo=1, routed)           2.025     3.506    clk_IBUF
    BUFGCTRL_X0Y16       BUFG (Prop_bufg_I_O)         0.096     3.602 r  clk_IBUF_BUFG_inst/O
                         net (fo=2353, routed)        1.628     5.231    clk_IBUF_BUFG
    SLICE_X32Y70         FDCE                                         r  done_2_reg/C
  -------------------------------------------------------------------    -------------------
    SLICE_X32Y70         FDCE (Prop_fdce_C_Q)         0.456     5.687 r  done_2_reg/Q
                         net (fo=1, routed)           5.029    10.716    done_2_OBUF
    C9                   OBUF (Prop_obuf_I_O)         2.666    13.382 r  done_2_OBUF_inst/O
                         net (fo=0)                   0.000    13.382    done_2
    C9                                                                r  done_2 (OUT)
  -------------------------------------------------------------------    -------------------

Slack:                    inf
  Source:                 data_out_reg[1]/C
                            (rising edge-triggered cell FDCE clocked by sys_clk_pin  {rise@0.000ns fall@5.000ns period=10.000ns})
  Destination:            data_out[1]
                            (output port)
  Path Group:             (none)
  Path Type:              Max at Slow Process Corner
  Data Path Delay:        7.965ns  (logic 3.120ns (39.174%)  route 4.845ns (60.826%))
  Logic Levels:           1  (OBUF=1)
  Clock Uncertainty:      0.025ns  ((TSJ^2 + TIJ^2)^1/2 + DJ) / 2 + PE
    Total System Jitter     (TSJ):    0.050ns
    Total Input Jitter      (TIJ):    0.000ns
    Discrete Jitter          (DJ):    0.000ns
    Phase Error              (PE):    0.000ns

    Location             Delay type                Incr(ns)  Path(ns)    Netlist Resource(s)
  -------------------------------------------------------------------    -------------------
                         (clock sys_clk_pin rise edge)
                                                      0.000     0.000 r  
    E3                                                0.000     0.000 r  clk (IN)
                         net (fo=0)                   0.000     0.000    clk
    E3                   IBUF (Prop_ibuf_I_O)         1.482     1.482 r  clk_IBUF_inst/O
                         net (fo=1, routed)           2.025     3.506    clk_IBUF
    BUFGCTRL_X0Y16       BUFG (Prop_bufg_I_O)         0.096     3.602 r  clk_IBUF_BUFG_inst/O
                         net (fo=2353, routed)        1.629     5.232    clk_IBUF_BUFG
    SLICE_X32Y69         FDCE                                         r  data_out_reg[1]/C
  -------------------------------------------------------------------    -------------------
    SLICE_X32Y69         FDCE (Prop_fdce_C_Q)         0.456     5.688 r  data_out_reg[1]/Q
                         net (fo=1, routed)           4.845    10.533    data_out_OBUF[1]
    B9                   OBUF (Prop_obuf_I_O)         2.664    13.197 r  data_out_OBUF[1]_inst/O
                         net (fo=0)                   0.000    13.197    data_out[1]
    B9                                                                r  data_out[1] (OUT)
  -------------------------------------------------------------------    -------------------





Min Delay Paths
--------------------------------------------------------------------------------------
Slack:                    inf
  Source:                 data_out_reg[1]/C
                            (rising edge-triggered cell FDCE clocked by sys_clk_pin  {rise@0.000ns fall@5.000ns period=10.000ns})
  Destination:            data_out[1]
                            (output port)
  Path Group:             (none)
  Path Type:              Min at Fast Process Corner
  Data Path Delay:        2.996ns  (logic 1.322ns (44.123%)  route 1.674ns (55.877%))
  Logic Levels:           1  (OBUF=1)
  Clock Uncertainty:      0.025ns  ((TSJ^2 + TIJ^2)^1/2 + DJ) / 2 + PE
    Total System Jitter     (TSJ):    0.050ns
    Total Input Jitter      (TIJ):    0.000ns
    Discrete Jitter          (DJ):    0.000ns
    Phase Error              (PE):    0.000ns

    Location             Delay type                Incr(ns)  Path(ns)    Netlist Resource(s)
  -------------------------------------------------------------------    -------------------
                         (clock sys_clk_pin rise edge)
                                                      0.000     0.000 r  
    E3                                                0.000     0.000 r  clk (IN)
                         net (fo=0)                   0.000     0.000    clk
    E3                   IBUF (Prop_ibuf_I_O)         0.250     0.250 r  clk_IBUF_inst/O
                         net (fo=1, routed)           0.644     0.894    clk_IBUF
    BUFGCTRL_X0Y16       BUFG (Prop_bufg_I_O)         0.026     0.920 r  clk_IBUF_BUFG_inst/O
                         net (fo=2353, routed)        0.563     1.482    clk_IBUF_BUFG
    SLICE_X32Y69         FDCE                                         r  data_out_reg[1]/C
  -------------------------------------------------------------------    -------------------
    SLICE_X32Y69         FDCE (Prop_fdce_C_Q)         0.141     1.623 r  data_out_reg[1]/Q
                         net (fo=1, routed)           1.674     3.297    data_out_OBUF[1]
    B9                   OBUF (Prop_obuf_I_O)         1.181     4.478 r  data_out_OBUF[1]_inst/O
                         net (fo=0)                   0.000     4.478    data_out[1]
    B9                                                                r  data_out[1] (OUT)
  -------------------------------------------------------------------    -------------------

Slack:                    inf
  Source:                 done_2_reg/C
                            (rising edge-triggered cell FDCE clocked by sys_clk_pin  {rise@0.000ns fall@5.000ns period=10.000ns})
  Destination:            done_2
                            (output port)
  Path Group:             (none)
  Path Type:              Min at Fast Process Corner
  Data Path Delay:        3.072ns  (logic 1.324ns (43.089%)  route 1.748ns (56.911%))
  Logic Levels:           1  (OBUF=1)
  Clock Uncertainty:      0.025ns  ((TSJ^2 + TIJ^2)^1/2 + DJ) / 2 + PE
    Total System Jitter     (TSJ):    0.050ns
    Total Input Jitter      (TIJ):    0.000ns
    Discrete Jitter          (DJ):    0.000ns
    Phase Error              (PE):    0.000ns

    Location             Delay type                Incr(ns)  Path(ns)    Netlist Resource(s)
  -------------------------------------------------------------------    -------------------
                         (clock sys_clk_pin rise edge)
                                                      0.000     0.000 r  
    E3                                                0.000     0.000 r  clk (IN)
                         net (fo=0)                   0.000     0.000    clk
    E3                   IBUF (Prop_ibuf_I_O)         0.250     0.250 r  clk_IBUF_inst/O
                         net (fo=1, routed)           0.644     0.894    clk_IBUF
    BUFGCTRL_X0Y16       BUFG (Prop_bufg_I_O)         0.026     0.920 r  clk_IBUF_BUFG_inst/O
                         net (fo=2353, routed)        0.562     1.481    clk_IBUF_BUFG
    SLICE_X32Y70         FDCE                                         r  done_2_reg/C
  -------------------------------------------------------------------    -------------------
    SLICE_X32Y70         FDCE (Prop_fdce_C_Q)         0.141     1.622 r  done_2_reg/Q
                         net (fo=1, routed)           1.748     3.371    done_2_OBUF
    C9                   OBUF (Prop_obuf_I_O)         1.183     4.553 r  done_2_OBUF_inst/O
                         net (fo=0)                   0.000     4.553    done_2
    C9                                                                r  done_2 (OUT)
  -------------------------------------------------------------------    -------------------

Slack:                    inf
  Source:                 data_out_reg[0]/C
                            (rising edge-triggered cell FDCE clocked by sys_clk_pin  {rise@0.000ns fall@5.000ns period=10.000ns})
  Destination:            data_out[0]
                            (output port)
  Path Group:             (none)
  Path Type:              Min at Fast Process Corner
  Data Path Delay:        3.897ns  (logic 1.340ns (34.378%)  route 2.558ns (65.622%))
  Logic Levels:           1  (OBUF=1)
  Clock Uncertainty:      0.025ns  ((TSJ^2 + TIJ^2)^1/2 + DJ) / 2 + PE
    Total System Jitter     (TSJ):    0.050ns
    Total Input Jitter      (TIJ):    0.000ns
    Discrete Jitter          (DJ):    0.000ns
    Phase Error              (PE):    0.000ns

    Location             Delay type                Incr(ns)  Path(ns)    Netlist Resource(s)
  -------------------------------------------------------------------    -------------------
                         (clock sys_clk_pin rise edge)
                                                      0.000     0.000 r  
    E3                                                0.000     0.000 r  clk (IN)
                         net (fo=0)                   0.000     0.000    clk
    E3                   IBUF (Prop_ibuf_I_O)         0.250     0.250 r  clk_IBUF_inst/O
                         net (fo=1, routed)           0.644     0.894    clk_IBUF
    BUFGCTRL_X0Y16       BUFG (Prop_bufg_I_O)         0.026     0.920 r  clk_IBUF_BUFG_inst/O
                         net (fo=2353, routed)        0.563     1.482    clk_IBUF_BUFG
    SLICE_X32Y69         FDCE                                         r  data_out_reg[0]/C
  -------------------------------------------------------------------    -------------------
    SLICE_X32Y69         FDCE (Prop_fdce_C_Q)         0.141     1.623 r  data_out_reg[0]/Q
                         net (fo=1, routed)           2.558     4.181    data_out_OBUF[0]
    B8                   OBUF (Prop_obuf_I_O)         1.199     5.380 r  data_out_OBUF[0]_inst/O
                         net (fo=0)                   0.000     5.380    data_out[0]
    B8                                                                r  data_out[0] (OUT)
  -------------------------------------------------------------------    -------------------





--------------------------------------------------------------------------------------
Path Group:  (none)
From Clock:  
  To Clock:  sys_clk_pin

Max Delay          3027 Endpoints
Min Delay          3027 Endpoints
--------------------------------------------------------------------------------------


Max Delay Paths
--------------------------------------------------------------------------------------
Slack:                    inf
  Source:                 reset
                            (input port)
  Destination:            Core/round_keys_reg[10][103]/CE
                            (rising edge-triggered cell FDRE clocked by sys_clk_pin  {rise@0.000ns fall@5.000ns period=10.000ns})
  Path Group:             (none)
  Path Type:              Setup (Max at Slow Process Corner)
  Data Path Delay:        13.758ns  (logic 1.242ns (9.030%)  route 12.516ns (90.970%))
  Logic Levels:           3  (IBUF=1 LUT2=1 LUT6=1)
  Clock Path Skew:        4.918ns (DCD - SCD + CPR)
    Destination Clock Delay (DCD):    4.918ns
    Source Clock Delay      (SCD):    0.000ns
    Clock Pessimism Removal (CPR):    0.000ns
  Clock Uncertainty:      0.025ns  ((TSJ^2 + TIJ^2)^1/2 + DJ) / 2 + PE
    Total System Jitter     (TSJ):    0.050ns
    Total Input Jitter      (TIJ):    0.000ns
    Discrete Jitter          (DJ):    0.000ns
    Phase Error              (PE):    0.000ns

    Location             Delay type                Incr(ns)  Path(ns)    Netlist Resource(s)
  -------------------------------------------------------------------    -------------------
    C11                                               0.000     0.000 f  reset (IN)
                         net (fo=0)                   0.000     0.000    reset
    C11                  IBUF (Prop_ibuf_I_O)         0.994     0.994 f  reset_IBUF_inst/O
                         net (fo=441, routed)         8.163     9.158    Core/reset_IBUF
    SLICE_X33Y71         LUT2 (Prop_lut2_I1_O)        0.124     9.282 r  Core/i[0]_i_1/O
                         net (fo=41, routed)          1.008    10.290    Core/i[0]_i_1_n_0
    SLICE_X31Y71         LUT6 (Prop_lut6_I4_O)        0.124    10.414 r  Core/round_keys[10][127]_i_1/O
                         net (fo=128, routed)         3.345    13.758    Core/round_keys[10][127]_i_1_n_0
    SLICE_X62Y100        FDRE                                         r  Core/round_keys_reg[10][103]/CE
  -------------------------------------------------------------------    -------------------

                         (clock sys_clk_pin rise edge)
                                                      0.000     0.000 r  
    E3                                                0.000     0.000 r  clk (IN)
                         net (fo=0)                   0.000     0.000    clk
    E3                   IBUF (Prop_ibuf_I_O)         1.411     1.411 r  clk_IBUF_inst/O
                         net (fo=1, routed)           1.920     3.331    clk_IBUF
    BUFGCTRL_X0Y16       BUFG (Prop_bufg_I_O)         0.091     3.422 r  clk_IBUF_BUFG_inst/O
                         net (fo=2353, routed)        1.496     4.918    Core/clk_IBUF_BUFG
    SLICE_X62Y100        FDRE                                         r  Core/round_keys_reg[10][103]/C

Slack:                    inf
  Source:                 reset
                            (input port)
  Destination:            Core/round_keys_reg[10][120]/CE
                            (rising edge-triggered cell FDRE clocked by sys_clk_pin  {rise@0.000ns fall@5.000ns period=10.000ns})
  Path Group:             (none)
  Path Type:              Setup (Max at Slow Process Corner)
  Data Path Delay:        13.758ns  (logic 1.242ns (9.030%)  route 12.516ns (90.970%))
  Logic Levels:           3  (IBUF=1 LUT2=1 LUT6=1)
  Clock Path Skew:        4.918ns (DCD - SCD + CPR)
    Destination Clock Delay (DCD):    4.918ns
    Source Clock Delay      (SCD):    0.000ns
    Clock Pessimism Removal (CPR):    0.000ns
  Clock Uncertainty:      0.025ns  ((TSJ^2 + TIJ^2)^1/2 + DJ) / 2 + PE
    Total System Jitter     (TSJ):    0.050ns
    Total Input Jitter      (TIJ):    0.000ns
    Discrete Jitter          (DJ):    0.000ns
    Phase Error              (PE):    0.000ns

    Location             Delay type                Incr(ns)  Path(ns)    Netlist Resource(s)
  -------------------------------------------------------------------    -------------------
    C11                                               0.000     0.000 f  reset (IN)
                         net (fo=0)                   0.000     0.000    reset
    C11                  IBUF (Prop_ibuf_I_O)         0.994     0.994 f  reset_IBUF_inst/O
                         net (fo=441, routed)         8.163     9.158    Core/reset_IBUF
    SLICE_X33Y71         LUT2 (Prop_lut2_I1_O)        0.124     9.282 r  Core/i[0]_i_1/O
                         net (fo=41, routed)          1.008    10.290    Core/i[0]_i_1_n_0
    SLICE_X31Y71         LUT6 (Prop_lut6_I4_O)        0.124    10.414 r  Core/round_keys[10][127]_i_1/O
                         net (fo=128, routed)         3.345    13.758    Core/round_keys[10][127]_i_1_n_0
    SLICE_X62Y100        FDRE                                         r  Core/round_keys_reg[10][120]/CE
  -------------------------------------------------------------------    -------------------

                         (clock sys_clk_pin rise edge)
                                                      0.000     0.000 r  
    E3                                                0.000     0.000 r  clk (IN)
                         net (fo=0)                   0.000     0.000    clk
    E3                   IBUF (Prop_ibuf_I_O)         1.411     1.411 r  clk_IBUF_inst/O
                         net (fo=1, routed)           1.920     3.331    clk_IBUF
    BUFGCTRL_X0Y16       BUFG (Prop_bufg_I_O)         0.091     3.422 r  clk_IBUF_BUFG_inst/O
                         net (fo=2353, routed)        1.496     4.918    Core/clk_IBUF_BUFG
    SLICE_X62Y100        FDRE                                         r  Core/round_keys_reg[10][120]/C

Slack:                    inf
  Source:                 reset
                            (input port)
  Destination:            Core/round_keys_reg[10][102]/CE
                            (rising edge-triggered cell FDRE clocked by sys_clk_pin  {rise@0.000ns fall@5.000ns period=10.000ns})
  Path Group:             (none)
  Path Type:              Setup (Max at Slow Process Corner)
  Data Path Delay:        13.643ns  (logic 1.242ns (9.106%)  route 12.400ns (90.894%))
  Logic Levels:           3  (IBUF=1 LUT2=1 LUT6=1)
  Clock Path Skew:        4.935ns (DCD - SCD + CPR)
    Destination Clock Delay (DCD):    4.935ns
    Source Clock Delay      (SCD):    0.000ns
    Clock Pessimism Removal (CPR):    0.000ns
  Clock Uncertainty:      0.025ns  ((TSJ^2 + TIJ^2)^1/2 + DJ) / 2 + PE
    Total System Jitter     (TSJ):    0.050ns
    Total Input Jitter      (TIJ):    0.000ns
    Discrete Jitter          (DJ):    0.000ns
    Phase Error              (PE):    0.000ns

    Location             Delay type                Incr(ns)  Path(ns)    Netlist Resource(s)
  -------------------------------------------------------------------    -------------------
    C11                                               0.000     0.000 f  reset (IN)
                         net (fo=0)                   0.000     0.000    reset
    C11                  IBUF (Prop_ibuf_I_O)         0.994     0.994 f  reset_IBUF_inst/O
                         net (fo=441, routed)         8.163     9.158    Core/reset_IBUF
    SLICE_X33Y71         LUT2 (Prop_lut2_I1_O)        0.124     9.282 r  Core/i[0]_i_1/O
                         net (fo=41, routed)          1.008    10.290    Core/i[0]_i_1_n_0
    SLICE_X31Y71         LUT6 (Prop_lut6_I4_O)        0.124    10.414 r  Core/round_keys[10][127]_i_1/O
                         net (fo=128, routed)         3.229    13.643    Core/round_keys[10][127]_i_1_n_0
    SLICE_X68Y96         FDRE                                         r  Core/round_keys_reg[10][102]/CE
  -------------------------------------------------------------------    -------------------

                         (clock sys_clk_pin rise edge)
                                                      0.000     0.000 r  
    E3                                                0.000     0.000 r  clk (IN)
                         net (fo=0)                   0.000     0.000    clk
    E3                   IBUF (Prop_ibuf_I_O)         1.411     1.411 r  clk_IBUF_inst/O
                         net (fo=1, routed)           1.920     3.331    clk_IBUF
    BUFGCTRL_X0Y16       BUFG (Prop_bufg_I_O)         0.091     3.422 r  clk_IBUF_BUFG_inst/O
                         net (fo=2353, routed)        1.512     4.935    Core/clk_IBUF_BUFG
    SLICE_X68Y96         FDRE                                         r  Core/round_keys_reg[10][102]/C

Slack:                    inf
  Source:                 reset
                            (input port)
  Destination:            Core/round_keys_reg[9][103]/CE
                            (rising edge-triggered cell FDRE clocked by sys_clk_pin  {rise@0.000ns fall@5.000ns period=10.000ns})
  Path Group:             (none)
  Path Type:              Setup (Max at Slow Process Corner)
  Data Path Delay:        13.526ns  (logic 1.242ns (9.185%)  route 12.283ns (90.815%))
  Logic Levels:           3  (IBUF=1 LUT2=1 LUT6=1)
  Clock Path Skew:        4.916ns (DCD - SCD + CPR)
    Destination Clock Delay (DCD):    4.916ns
    Source Clock Delay      (SCD):    0.000ns
    Clock Pessimism Removal (CPR):    0.000ns
  Clock Uncertainty:      0.025ns  ((TSJ^2 + TIJ^2)^1/2 + DJ) / 2 + PE
    Total System Jitter     (TSJ):    0.050ns
    Total Input Jitter      (TIJ):    0.000ns
    Discrete Jitter          (DJ):    0.000ns
    Phase Error              (PE):    0.000ns

    Location             Delay type                Incr(ns)  Path(ns)    Netlist Resource(s)
  -------------------------------------------------------------------    -------------------
    C11                                               0.000     0.000 f  reset (IN)
                         net (fo=0)                   0.000     0.000    reset
    C11                  IBUF (Prop_ibuf_I_O)         0.994     0.994 f  reset_IBUF_inst/O
                         net (fo=441, routed)         8.163     9.158    Core/reset_IBUF
    SLICE_X33Y71         LUT2 (Prop_lut2_I1_O)        0.124     9.282 r  Core/i[0]_i_1/O
                         net (fo=41, routed)          0.908    10.190    Core/i[0]_i_1_n_0
    SLICE_X31Y70         LUT6 (Prop_lut6_I4_O)        0.124    10.314 r  Core/round_keys[9][127]_i_1/O
                         net (fo=128, routed)         3.212    13.526    Core/round_keys[9][127]_i_1_n_0
    SLICE_X60Y101        FDRE                                         r  Core/round_keys_reg[9][103]/CE
  -------------------------------------------------------------------    -------------------

                         (clock sys_clk_pin rise edge)
                                                      0.000     0.000 r  
    E3                                                0.000     0.000 r  clk (IN)
                         net (fo=0)                   0.000     0.000    clk
    E3                   IBUF (Prop_ibuf_I_O)         1.411     1.411 r  clk_IBUF_inst/O
                         net (fo=1, routed)           1.920     3.331    clk_IBUF
    BUFGCTRL_X0Y16       BUFG (Prop_bufg_I_O)         0.091     3.422 r  clk_IBUF_BUFG_inst/O
                         net (fo=2353, routed)        1.494     4.916    Core/clk_IBUF_BUFG
    SLICE_X60Y101        FDRE                                         r  Core/round_keys_reg[9][103]/C

Slack:                    inf
  Source:                 reset
                            (input port)
  Destination:            Core/round_keys_reg[9][125]/CE
                            (rising edge-triggered cell FDRE clocked by sys_clk_pin  {rise@0.000ns fall@5.000ns period=10.000ns})
  Path Group:             (none)
  Path Type:              Setup (Max at Slow Process Corner)
  Data Path Delay:        13.526ns  (logic 1.242ns (9.185%)  route 12.283ns (90.815%))
  Logic Levels:           3  (IBUF=1 LUT2=1 LUT6=1)
  Clock Path Skew:        4.916ns (DCD - SCD + CPR)
    Destination Clock Delay (DCD):    4.916ns
    Source Clock Delay      (SCD):    0.000ns
    Clock Pessimism Removal (CPR):    0.000ns
  Clock Uncertainty:      0.025ns  ((TSJ^2 + TIJ^2)^1/2 + DJ) / 2 + PE
    Total System Jitter     (TSJ):    0.050ns
    Total Input Jitter      (TIJ):    0.000ns
    Discrete Jitter          (DJ):    0.000ns
    Phase Error              (PE):    0.000ns

    Location             Delay type                Incr(ns)  Path(ns)    Netlist Resource(s)
  -------------------------------------------------------------------    -------------------
    C11                                               0.000     0.000 f  reset (IN)
                         net (fo=0)                   0.000     0.000    reset
    C11                  IBUF (Prop_ibuf_I_O)         0.994     0.994 f  reset_IBUF_inst/O
                         net (fo=441, routed)         8.163     9.158    Core/reset_IBUF
    SLICE_X33Y71         LUT2 (Prop_lut2_I1_O)        0.124     9.282 r  Core/i[0]_i_1/O
                         net (fo=41, routed)          0.908    10.190    Core/i[0]_i_1_n_0
    SLICE_X31Y70         LUT6 (Prop_lut6_I4_O)        0.124    10.314 r  Core/round_keys[9][127]_i_1/O
                         net (fo=128, routed)         3.212    13.526    Core/round_keys[9][127]_i_1_n_0
    SLICE_X60Y101        FDRE                                         r  Core/round_keys_reg[9][125]/CE
  -------------------------------------------------------------------    -------------------

                         (clock sys_clk_pin rise edge)
                                                      0.000     0.000 r  
    E3                                                0.000     0.000 r  clk (IN)
                         net (fo=0)                   0.000     0.000    clk
    E3                   IBUF (Prop_ibuf_I_O)         1.411     1.411 r  clk_IBUF_inst/O
                         net (fo=1, routed)           1.920     3.331    clk_IBUF
    BUFGCTRL_X0Y16       BUFG (Prop_bufg_I_O)         0.091     3.422 r  clk_IBUF_BUFG_inst/O
                         net (fo=2353, routed)        1.494     4.916    Core/clk_IBUF_BUFG
    SLICE_X60Y101        FDRE                                         r  Core/round_keys_reg[9][125]/C

Slack:                    inf
  Source:                 reset
                            (input port)
  Destination:            Core/round_keys_reg[9][101]/CE
                            (rising edge-triggered cell FDRE clocked by sys_clk_pin  {rise@0.000ns fall@5.000ns period=10.000ns})
  Path Group:             (none)
  Path Type:              Setup (Max at Slow Process Corner)
  Data Path Delay:        13.525ns  (logic 1.242ns (9.185%)  route 12.283ns (90.815%))
  Logic Levels:           3  (IBUF=1 LUT2=1 LUT6=1)
  Clock Path Skew:        4.934ns (DCD - SCD + CPR)
    Destination Clock Delay (DCD):    4.934ns
    Source Clock Delay      (SCD):    0.000ns
    Clock Pessimism Removal (CPR):    0.000ns
  Clock Uncertainty:      0.025ns  ((TSJ^2 + TIJ^2)^1/2 + DJ) / 2 + PE
    Total System Jitter     (TSJ):    0.050ns
    Total Input Jitter      (TIJ):    0.000ns
    Discrete Jitter          (DJ):    0.000ns
    Phase Error              (PE):    0.000ns

    Location             Delay type                Incr(ns)  Path(ns)    Netlist Resource(s)
  -------------------------------------------------------------------    -------------------
    C11                                               0.000     0.000 f  reset (IN)
                         net (fo=0)                   0.000     0.000    reset
    C11                  IBUF (Prop_ibuf_I_O)         0.994     0.994 f  reset_IBUF_inst/O
                         net (fo=441, routed)         8.163     9.158    Core/reset_IBUF
    SLICE_X33Y71         LUT2 (Prop_lut2_I1_O)        0.124     9.282 r  Core/i[0]_i_1/O
                         net (fo=41, routed)          0.908    10.190    Core/i[0]_i_1_n_0
    SLICE_X31Y70         LUT6 (Prop_lut6_I4_O)        0.124    10.314 r  Core/round_keys[9][127]_i_1/O
                         net (fo=128, routed)         3.212    13.525    Core/round_keys[9][127]_i_1_n_0
    SLICE_X62Y96         FDRE                                         r  Core/round_keys_reg[9][101]/CE
  -------------------------------------------------------------------    -------------------

                         (clock sys_clk_pin rise edge)
                                                      0.000     0.000 r  
    E3                                                0.000     0.000 r  clk (IN)
                         net (fo=0)                   0.000     0.000    clk
    E3                   IBUF (Prop_ibuf_I_O)         1.411     1.411 r  clk_IBUF_inst/O
                         net (fo=1, routed)           1.920     3.331    clk_IBUF
    BUFGCTRL_X0Y16       BUFG (Prop_bufg_I_O)         0.091     3.422 r  clk_IBUF_BUFG_inst/O
                         net (fo=2353, routed)        1.511     4.934    Core/clk_IBUF_BUFG
    SLICE_X62Y96         FDRE                                         r  Core/round_keys_reg[9][101]/C

Slack:                    inf
  Source:                 reset
                            (input port)
  Destination:            Core/round_keys_reg[9][121]/CE
                            (rising edge-triggered cell FDRE clocked by sys_clk_pin  {rise@0.000ns fall@5.000ns period=10.000ns})
  Path Group:             (none)
  Path Type:              Setup (Max at Slow Process Corner)
  Data Path Delay:        13.525ns  (logic 1.242ns (9.185%)  route 12.283ns (90.815%))
  Logic Levels:           3  (IBUF=1 LUT2=1 LUT6=1)
  Clock Path Skew:        4.934ns (DCD - SCD + CPR)
    Destination Clock Delay (DCD):    4.934ns
    Source Clock Delay      (SCD):    0.000ns
    Clock Pessimism Removal (CPR):    0.000ns
  Clock Uncertainty:      0.025ns  ((TSJ^2 + TIJ^2)^1/2 + DJ) / 2 + PE
    Total System Jitter     (TSJ):    0.050ns
    Total Input Jitter      (TIJ):    0.000ns
    Discrete Jitter          (DJ):    0.000ns
    Phase Error              (PE):    0.000ns

    Location             Delay type                Incr(ns)  Path(ns)    Netlist Resource(s)
  -------------------------------------------------------------------    -------------------
    C11                                               0.000     0.000 f  reset (IN)
                         net (fo=0)                   0.000     0.000    reset
    C11                  IBUF (Prop_ibuf_I_O)         0.994     0.994 f  reset_IBUF_inst/O
                         net (fo=441, routed)         8.163     9.158    Core/reset_IBUF
    SLICE_X33Y71         LUT2 (Prop_lut2_I1_O)        0.124     9.282 r  Core/i[0]_i_1/O
                         net (fo=41, routed)          0.908    10.190    Core/i[0]_i_1_n_0
    SLICE_X31Y70         LUT6 (Prop_lut6_I4_O)        0.124    10.314 r  Core/round_keys[9][127]_i_1/O
                         net (fo=128, routed)         3.212    13.525    Core/round_keys[9][127]_i_1_n_0
    SLICE_X62Y96         FDRE                                         r  Core/round_keys_reg[9][121]/CE
  -------------------------------------------------------------------    -------------------

                         (clock sys_clk_pin rise edge)
                                                      0.000     0.000 r  
    E3                                                0.000     0.000 r  clk (IN)
                         net (fo=0)                   0.000     0.000    clk
    E3                   IBUF (Prop_ibuf_I_O)         1.411     1.411 r  clk_IBUF_inst/O
                         net (fo=1, routed)           1.920     3.331    clk_IBUF
    BUFGCTRL_X0Y16       BUFG (Prop_bufg_I_O)         0.091     3.422 r  clk_IBUF_BUFG_inst/O
                         net (fo=2353, routed)        1.511     4.934    Core/clk_IBUF_BUFG
    SLICE_X62Y96         FDRE                                         r  Core/round_keys_reg[9][121]/C

Slack:                    inf
  Source:                 reset
                            (input port)
  Destination:            Core/round_keys_reg[9][122]/CE
                            (rising edge-triggered cell FDRE clocked by sys_clk_pin  {rise@0.000ns fall@5.000ns period=10.000ns})
  Path Group:             (none)
  Path Type:              Setup (Max at Slow Process Corner)
  Data Path Delay:        13.525ns  (logic 1.242ns (9.185%)  route 12.283ns (90.815%))
  Logic Levels:           3  (IBUF=1 LUT2=1 LUT6=1)
  Clock Path Skew:        4.934ns (DCD - SCD + CPR)
    Destination Clock Delay (DCD):    4.934ns
    Source Clock Delay      (SCD):    0.000ns
    Clock Pessimism Removal (CPR):    0.000ns
  Clock Uncertainty:      0.025ns  ((TSJ^2 + TIJ^2)^1/2 + DJ) / 2 + PE
    Total System Jitter     (TSJ):    0.050ns
    Total Input Jitter      (TIJ):    0.000ns
    Discrete Jitter          (DJ):    0.000ns
    Phase Error              (PE):    0.000ns

    Location             Delay type                Incr(ns)  Path(ns)    Netlist Resource(s)
  -------------------------------------------------------------------    -------------------
    C11                                               0.000     0.000 f  reset (IN)
                         net (fo=0)                   0.000     0.000    reset
    C11                  IBUF (Prop_ibuf_I_O)         0.994     0.994 f  reset_IBUF_inst/O
                         net (fo=441, routed)         8.163     9.158    Core/reset_IBUF
    SLICE_X33Y71         LUT2 (Prop_lut2_I1_O)        0.124     9.282 r  Core/i[0]_i_1/O
                         net (fo=41, routed)          0.908    10.190    Core/i[0]_i_1_n_0
    SLICE_X31Y70         LUT6 (Prop_lut6_I4_O)        0.124    10.314 r  Core/round_keys[9][127]_i_1/O
                         net (fo=128, routed)         3.212    13.525    Core/round_keys[9][127]_i_1_n_0
    SLICE_X62Y96         FDRE                                         r  Core/round_keys_reg[9][122]/CE
  -------------------------------------------------------------------    -------------------

                         (clock sys_clk_pin rise edge)
                                                      0.000     0.000 r  
    E3                                                0.000     0.000 r  clk (IN)
                         net (fo=0)                   0.000     0.000    clk
    E3                   IBUF (Prop_ibuf_I_O)         1.411     1.411 r  clk_IBUF_inst/O
                         net (fo=1, routed)           1.920     3.331    clk_IBUF
    BUFGCTRL_X0Y16       BUFG (Prop_bufg_I_O)         0.091     3.422 r  clk_IBUF_BUFG_inst/O
                         net (fo=2353, routed)        1.511     4.934    Core/clk_IBUF_BUFG
    SLICE_X62Y96         FDRE                                         r  Core/round_keys_reg[9][122]/C

Slack:                    inf
  Source:                 reset
                            (input port)
  Destination:            Core/round_keys_reg[9][126]/CE
                            (rising edge-triggered cell FDRE clocked by sys_clk_pin  {rise@0.000ns fall@5.000ns period=10.000ns})
  Path Group:             (none)
  Path Type:              Setup (Max at Slow Process Corner)
  Data Path Delay:        13.525ns  (logic 1.242ns (9.185%)  route 12.283ns (90.815%))
  Logic Levels:           3  (IBUF=1 LUT2=1 LUT6=1)
  Clock Path Skew:        4.934ns (DCD - SCD + CPR)
    Destination Clock Delay (DCD):    4.934ns
    Source Clock Delay      (SCD):    0.000ns
    Clock Pessimism Removal (CPR):    0.000ns
  Clock Uncertainty:      0.025ns  ((TSJ^2 + TIJ^2)^1/2 + DJ) / 2 + PE
    Total System Jitter     (TSJ):    0.050ns
    Total Input Jitter      (TIJ):    0.000ns
    Discrete Jitter          (DJ):    0.000ns
    Phase Error              (PE):    0.000ns

    Location             Delay type                Incr(ns)  Path(ns)    Netlist Resource(s)
  -------------------------------------------------------------------    -------------------
    C11                                               0.000     0.000 f  reset (IN)
                         net (fo=0)                   0.000     0.000    reset
    C11                  IBUF (Prop_ibuf_I_O)         0.994     0.994 f  reset_IBUF_inst/O
                         net (fo=441, routed)         8.163     9.158    Core/reset_IBUF
    SLICE_X33Y71         LUT2 (Prop_lut2_I1_O)        0.124     9.282 r  Core/i[0]_i_1/O
                         net (fo=41, routed)          0.908    10.190    Core/i[0]_i_1_n_0
    SLICE_X31Y70         LUT6 (Prop_lut6_I4_O)        0.124    10.314 r  Core/round_keys[9][127]_i_1/O
                         net (fo=128, routed)         3.212    13.525    Core/round_keys[9][127]_i_1_n_0
    SLICE_X62Y96         FDRE                                         r  Core/round_keys_reg[9][126]/CE
  -------------------------------------------------------------------    -------------------

                         (clock sys_clk_pin rise edge)
                                                      0.000     0.000 r  
    E3                                                0.000     0.000 r  clk (IN)
                         net (fo=0)                   0.000     0.000    clk
    E3                   IBUF (Prop_ibuf_I_O)         1.411     1.411 r  clk_IBUF_inst/O
                         net (fo=1, routed)           1.920     3.331    clk_IBUF
    BUFGCTRL_X0Y16       BUFG (Prop_bufg_I_O)         0.091     3.422 r  clk_IBUF_BUFG_inst/O
                         net (fo=2353, routed)        1.511     4.934    Core/clk_IBUF_BUFG
    SLICE_X62Y96         FDRE                                         r  Core/round_keys_reg[9][126]/C

Slack:                    inf
  Source:                 reset
                            (input port)
  Destination:            Core/round_keys_reg[9][127]/CE
                            (rising edge-triggered cell FDRE clocked by sys_clk_pin  {rise@0.000ns fall@5.000ns period=10.000ns})
  Path Group:             (none)
  Path Type:              Setup (Max at Slow Process Corner)
  Data Path Delay:        13.525ns  (logic 1.242ns (9.185%)  route 12.283ns (90.815%))
  Logic Levels:           3  (IBUF=1 LUT2=1 LUT6=1)
  Clock Path Skew:        4.934ns (DCD - SCD + CPR)
    Destination Clock Delay (DCD):    4.934ns
    Source Clock Delay      (SCD):    0.000ns
    Clock Pessimism Removal (CPR):    0.000ns
  Clock Uncertainty:      0.025ns  ((TSJ^2 + TIJ^2)^1/2 + DJ) / 2 + PE
    Total System Jitter     (TSJ):    0.050ns
    Total Input Jitter      (TIJ):    0.000ns
    Discrete Jitter          (DJ):    0.000ns
    Phase Error              (PE):    0.000ns

    Location             Delay type                Incr(ns)  Path(ns)    Netlist Resource(s)
  -------------------------------------------------------------------    -------------------
    C11                                               0.000     0.000 f  reset (IN)
                         net (fo=0)                   0.000     0.000    reset
    C11                  IBUF (Prop_ibuf_I_O)         0.994     0.994 f  reset_IBUF_inst/O
                         net (fo=441, routed)         8.163     9.158    Core/reset_IBUF
    SLICE_X33Y71         LUT2 (Prop_lut2_I1_O)        0.124     9.282 r  Core/i[0]_i_1/O
                         net (fo=41, routed)          0.908    10.190    Core/i[0]_i_1_n_0
    SLICE_X31Y70         LUT6 (Prop_lut6_I4_O)        0.124    10.314 r  Core/round_keys[9][127]_i_1/O
                         net (fo=128, routed)         3.212    13.525    Core/round_keys[9][127]_i_1_n_0
    SLICE_X62Y96         FDRE                                         r  Core/round_keys_reg[9][127]/CE
  -------------------------------------------------------------------    -------------------

                         (clock sys_clk_pin rise edge)
                                                      0.000     0.000 r  
    E3                                                0.000     0.000 r  clk (IN)
                         net (fo=0)                   0.000     0.000    clk
    E3                   IBUF (Prop_ibuf_I_O)         1.411     1.411 r  clk_IBUF_inst/O
                         net (fo=1, routed)           1.920     3.331    clk_IBUF
    BUFGCTRL_X0Y16       BUFG (Prop_bufg_I_O)         0.091     3.422 r  clk_IBUF_BUFG_inst/O
                         net (fo=2353, routed)        1.511     4.934    Core/clk_IBUF_BUFG
    SLICE_X62Y96         FDRE                                         r  Core/round_keys_reg[9][127]/C





Min Delay Paths
--------------------------------------------------------------------------------------
Slack:                    inf
  Source:                 nonce[94]
                            (input port)
  Destination:            Core/nonce_reg[94]/D
                            (rising edge-triggered cell FDCE clocked by sys_clk_pin  {rise@0.000ns fall@5.000ns period=10.000ns})
  Path Group:             (none)
  Path Type:              Hold (Min at Fast Process Corner)
  Data Path Delay:        1.129ns  (logic 0.240ns (21.288%)  route 0.889ns (78.712%))
  Logic Levels:           2  (IBUF=1 LUT5=1)
  Clock Path Skew:        2.005ns (DCD - SCD - CPR)
    Destination Clock Delay (DCD):    2.005ns
    Source Clock Delay      (SCD):    0.000ns
    Clock Pessimism Removal (CPR):    -0.000ns

    Location             Delay type                Incr(ns)  Path(ns)    Netlist Resource(s)
  -------------------------------------------------------------------    -------------------
    L15                                               0.000     0.000 r  nonce[94] (IN)
                         net (fo=0)                   0.000     0.000    nonce[94]
    L15                  IBUF (Prop_ibuf_I_O)         0.195     0.195 r  nonce_IBUF[94]_inst/O
                         net (fo=1, routed)           0.889     1.084    Core/nonce_IBUF[94]
    SLICE_X41Y94         LUT5 (Prop_lut5_I4_O)        0.045     1.129 r  Core/nonce[94]_i_1/O
                         net (fo=1, routed)           0.000     1.129    Core/nonce[94]_i_1_n_0
    SLICE_X41Y94         FDCE                                         r  Core/nonce_reg[94]/D
  -------------------------------------------------------------------    -------------------

                         (clock sys_clk_pin rise edge)
                                                      0.000     0.000 r  
    E3                                                0.000     0.000 r  clk (IN)
                         net (fo=0)                   0.000     0.000    clk
    E3                   IBUF (Prop_ibuf_I_O)         0.438     0.438 r  clk_IBUF_inst/O
                         net (fo=1, routed)           0.699     1.136    clk_IBUF
    BUFGCTRL_X0Y16       BUFG (Prop_bufg_I_O)         0.029     1.165 r  clk_IBUF_BUFG_inst/O
                         net (fo=2353, routed)        0.840     2.005    Core/clk_IBUF_BUFG
    SLICE_X41Y94         FDCE                                         r  Core/nonce_reg[94]/C

Slack:                    inf
  Source:                 nonce[92]
                            (input port)
  Destination:            Core/nonce_reg[92]/D
                            (rising edge-triggered cell FDCE clocked by sys_clk_pin  {rise@0.000ns fall@5.000ns period=10.000ns})
  Path Group:             (none)
  Path Type:              Hold (Min at Fast Process Corner)
  Data Path Delay:        1.156ns  (logic 0.241ns (20.871%)  route 0.915ns (79.129%))
  Logic Levels:           2  (IBUF=1 LUT5=1)
  Clock Path Skew:        2.004ns (DCD - SCD - CPR)
    Destination Clock Delay (DCD):    2.004ns
    Source Clock Delay      (SCD):    0.000ns
    Clock Pessimism Removal (CPR):    -0.000ns

    Location             Delay type                Incr(ns)  Path(ns)    Netlist Resource(s)
  -------------------------------------------------------------------    -------------------
    L18                                               0.000     0.000 r  nonce[92] (IN)
                         net (fo=0)                   0.000     0.000    nonce[92]
    L18                  IBUF (Prop_ibuf_I_O)         0.196     0.196 r  nonce_IBUF[92]_inst/O
                         net (fo=1, routed)           0.915     1.111    Core/nonce_IBUF[92]
    SLICE_X40Y91         LUT5 (Prop_lut5_I4_O)        0.045     1.156 r  Core/nonce[92]_i_1/O
                         net (fo=1, routed)           0.000     1.156    Core/nonce[92]_i_1_n_0
    SLICE_X40Y91         FDCE                                         r  Core/nonce_reg[92]/D
  -------------------------------------------------------------------    -------------------

                         (clock sys_clk_pin rise edge)
                                                      0.000     0.000 r  
    E3                                                0.000     0.000 r  clk (IN)
                         net (fo=0)                   0.000     0.000    clk
    E3                   IBUF (Prop_ibuf_I_O)         0.438     0.438 r  clk_IBUF_inst/O
                         net (fo=1, routed)           0.699     1.136    clk_IBUF
    BUFGCTRL_X0Y16       BUFG (Prop_bufg_I_O)         0.029     1.165 r  clk_IBUF_BUFG_inst/O
                         net (fo=2353, routed)        0.839     2.004    Core/clk_IBUF_BUFG
    SLICE_X40Y91         FDCE                                         r  Core/nonce_reg[92]/C

Slack:                    inf
  Source:                 nonce[93]
                            (input port)
  Destination:            Core/nonce_reg[93]/D
                            (rising edge-triggered cell FDCE clocked by sys_clk_pin  {rise@0.000ns fall@5.000ns period=10.000ns})
  Path Group:             (none)
  Path Type:              Hold (Min at Fast Process Corner)
  Data Path Delay:        1.161ns  (logic 0.238ns (20.529%)  route 0.923ns (79.471%))
  Logic Levels:           2  (IBUF=1 LUT5=1)
  Clock Path Skew:        2.005ns (DCD - SCD - CPR)
    Destination Clock Delay (DCD):    2.005ns
    Source Clock Delay      (SCD):    0.000ns
    Clock Pessimism Removal (CPR):    -0.000ns

    Location             Delay type                Incr(ns)  Path(ns)    Netlist Resource(s)
  -------------------------------------------------------------------    -------------------
    L16                                               0.000     0.000 r  nonce[93] (IN)
                         net (fo=0)                   0.000     0.000    nonce[93]
    L16                  IBUF (Prop_ibuf_I_O)         0.193     0.193 r  nonce_IBUF[93]_inst/O
                         net (fo=1, routed)           0.923     1.116    Core/nonce_IBUF[93]
    SLICE_X39Y93         LUT5 (Prop_lut5_I4_O)        0.045     1.161 r  Core/nonce[93]_i_1/O
                         net (fo=1, routed)           0.000     1.161    Core/nonce[93]_i_1_n_0
    SLICE_X39Y93         FDCE                                         r  Core/nonce_reg[93]/D
  -------------------------------------------------------------------    -------------------

                         (clock sys_clk_pin rise edge)
                                                      0.000     0.000 r  
    E3                                                0.000     0.000 r  clk (IN)
                         net (fo=0)                   0.000     0.000    clk
    E3                   IBUF (Prop_ibuf_I_O)         0.438     0.438 r  clk_IBUF_inst/O
                         net (fo=1, routed)           0.699     1.136    clk_IBUF
    BUFGCTRL_X0Y16       BUFG (Prop_bufg_I_O)         0.029     1.165 r  clk_IBUF_BUFG_inst/O
                         net (fo=2353, routed)        0.840     2.005    Core/clk_IBUF_BUFG
    SLICE_X39Y93         FDCE                                         r  Core/nonce_reg[93]/C

Slack:                    inf
  Source:                 nonce[91]
                            (input port)
  Destination:            Core/nonce_reg[91]/D
                            (rising edge-triggered cell FDCE clocked by sys_clk_pin  {rise@0.000ns fall@5.000ns period=10.000ns})
  Path Group:             (none)
  Path Type:              Hold (Min at Fast Process Corner)
  Data Path Delay:        1.203ns  (logic 0.245ns (20.326%)  route 0.959ns (79.674%))
  Logic Levels:           2  (IBUF=1 LUT5=1)
  Clock Path Skew:        2.002ns (DCD - SCD - CPR)
    Destination Clock Delay (DCD):    2.002ns
    Source Clock Delay      (SCD):    0.000ns
    Clock Pessimism Removal (CPR):    -0.000ns

    Location             Delay type                Incr(ns)  Path(ns)    Netlist Resource(s)
  -------------------------------------------------------------------    -------------------
    M18                                               0.000     0.000 r  nonce[91] (IN)
                         net (fo=0)                   0.000     0.000    nonce[91]
    M18                  IBUF (Prop_ibuf_I_O)         0.200     0.200 r  nonce_IBUF[91]_inst/O
                         net (fo=1, routed)           0.959     1.158    Core/nonce_IBUF[91]
    SLICE_X42Y92         LUT5 (Prop_lut5_I4_O)        0.045     1.203 r  Core/nonce[91]_i_1/O
                         net (fo=1, routed)           0.000     1.203    Core/nonce[91]_i_1_n_0
    SLICE_X42Y92         FDCE                                         r  Core/nonce_reg[91]/D
  -------------------------------------------------------------------    -------------------

                         (clock sys_clk_pin rise edge)
                                                      0.000     0.000 r  
    E3                                                0.000     0.000 r  clk (IN)
                         net (fo=0)                   0.000     0.000    clk
    E3                   IBUF (Prop_ibuf_I_O)         0.438     0.438 r  clk_IBUF_inst/O
                         net (fo=1, routed)           0.699     1.136    clk_IBUF
    BUFGCTRL_X0Y16       BUFG (Prop_bufg_I_O)         0.029     1.165 r  clk_IBUF_BUFG_inst/O
                         net (fo=2353, routed)        0.837     2.002    Core/clk_IBUF_BUFG
    SLICE_X42Y92         FDCE                                         r  Core/nonce_reg[91]/C

Slack:                    inf
  Source:                 nonce[90]
                            (input port)
  Destination:            Core/nonce_reg[90]/D
                            (rising edge-triggered cell FDCE clocked by sys_clk_pin  {rise@0.000ns fall@5.000ns period=10.000ns})
  Path Group:             (none)
  Path Type:              Hold (Min at Fast Process Corner)
  Data Path Delay:        1.204ns  (logic 0.271ns (22.532%)  route 0.932ns (77.468%))
  Logic Levels:           2  (IBUF=1 LUT5=1)
  Clock Path Skew:        2.004ns (DCD - SCD - CPR)
    Destination Clock Delay (DCD):    2.004ns
    Source Clock Delay      (SCD):    0.000ns
    Clock Pessimism Removal (CPR):    -0.000ns

    Location             Delay type                Incr(ns)  Path(ns)    Netlist Resource(s)
  -------------------------------------------------------------------    -------------------
    R12                                               0.000     0.000 r  nonce[90] (IN)
                         net (fo=0)                   0.000     0.000    nonce[90]
    R12                  IBUF (Prop_ibuf_I_O)         0.226     0.226 r  nonce_IBUF[90]_inst/O
                         net (fo=1, routed)           0.932     1.159    Core/nonce_IBUF[90]
    SLICE_X38Y92         LUT5 (Prop_lut5_I4_O)        0.045     1.204 r  Core/nonce[90]_i_1/O
                         net (fo=1, routed)           0.000     1.204    Core/nonce[90]_i_1_n_0
    SLICE_X38Y92         FDCE                                         r  Core/nonce_reg[90]/D
  -------------------------------------------------------------------    -------------------

                         (clock sys_clk_pin rise edge)
                                                      0.000     0.000 r  
    E3                                                0.000     0.000 r  clk (IN)
                         net (fo=0)                   0.000     0.000    clk
    E3                   IBUF (Prop_ibuf_I_O)         0.438     0.438 r  clk_IBUF_inst/O
                         net (fo=1, routed)           0.699     1.136    clk_IBUF
    BUFGCTRL_X0Y16       BUFG (Prop_bufg_I_O)         0.029     1.165 r  clk_IBUF_BUFG_inst/O
                         net (fo=2353, routed)        0.839     2.004    Core/clk_IBUF_BUFG
    SLICE_X38Y92         FDCE                                         r  Core/nonce_reg[90]/C

Slack:                    inf
  Source:                 nonce[95]
                            (input port)
  Destination:            Core/nonce_reg[95]/D
                            (rising edge-triggered cell FDCE clocked by sys_clk_pin  {rise@0.000ns fall@5.000ns period=10.000ns})
  Path Group:             (none)
  Path Type:              Hold (Min at Fast Process Corner)
  Data Path Delay:        1.215ns  (logic 0.240ns (19.778%)  route 0.974ns (80.222%))
  Logic Levels:           2  (IBUF=1 LUT5=1)
  Clock Path Skew:        2.005ns (DCD - SCD - CPR)
    Destination Clock Delay (DCD):    2.005ns
    Source Clock Delay      (SCD):    0.000ns
    Clock Pessimism Removal (CPR):    -0.000ns

    Location             Delay type                Incr(ns)  Path(ns)    Netlist Resource(s)
  -------------------------------------------------------------------    -------------------
    M14                                               0.000     0.000 r  nonce[95] (IN)
                         net (fo=0)                   0.000     0.000    nonce[95]
    M14                  IBUF (Prop_ibuf_I_O)         0.195     0.195 r  nonce_IBUF[95]_inst/O
                         net (fo=1, routed)           0.974     1.170    Core/nonce_IBUF[95]
    SLICE_X41Y95         LUT5 (Prop_lut5_I4_O)        0.045     1.215 r  Core/nonce[95]_i_1/O
                         net (fo=1, routed)           0.000     1.215    Core/nonce[95]_i_1_n_0
    SLICE_X41Y95         FDCE                                         r  Core/nonce_reg[95]/D
  -------------------------------------------------------------------    -------------------

                         (clock sys_clk_pin rise edge)
                                                      0.000     0.000 r  
    E3                                                0.000     0.000 r  clk (IN)
                         net (fo=0)                   0.000     0.000    clk
    E3                   IBUF (Prop_ibuf_I_O)         0.438     0.438 r  clk_IBUF_inst/O
                         net (fo=1, routed)           0.699     1.136    clk_IBUF
    BUFGCTRL_X0Y16       BUFG (Prop_bufg_I_O)         0.029     1.165 r  clk_IBUF_BUFG_inst/O
                         net (fo=2353, routed)        0.840     2.005    Core/clk_IBUF_BUFG
    SLICE_X41Y95         FDCE                                         r  Core/nonce_reg[95]/C

Slack:                    inf
  Source:                 nonce[98]
                            (input port)
  Destination:            Core/nonce_reg[98]/D
                            (rising edge-triggered cell FDCE clocked by sys_clk_pin  {rise@0.000ns fall@5.000ns period=10.000ns})
  Path Group:             (none)
  Path Type:              Hold (Min at Fast Process Corner)
  Data Path Delay:        1.221ns  (logic 0.238ns (19.487%)  route 0.983ns (80.513%))
  Logic Levels:           2  (IBUF=1 LUT5=1)
  Clock Path Skew:        2.002ns (DCD - SCD - CPR)
    Destination Clock Delay (DCD):    2.002ns
    Source Clock Delay      (SCD):    0.000ns
    Clock Pessimism Removal (CPR):    -0.000ns

    Location             Delay type                Incr(ns)  Path(ns)    Netlist Resource(s)
  -------------------------------------------------------------------    -------------------
    K17                                               0.000     0.000 r  nonce[98] (IN)
                         net (fo=0)                   0.000     0.000    nonce[98]
    K17                  IBUF (Prop_ibuf_I_O)         0.193     0.193 r  nonce_IBUF[98]_inst/O
                         net (fo=1, routed)           0.983     1.176    Core/nonce_IBUF[98]
    SLICE_X46Y96         LUT5 (Prop_lut5_I4_O)        0.045     1.221 r  Core/nonce[98]_i_1/O
                         net (fo=1, routed)           0.000     1.221    Core/nonce[98]_i_1_n_0
    SLICE_X46Y96         FDCE                                         r  Core/nonce_reg[98]/D
  -------------------------------------------------------------------    -------------------

                         (clock sys_clk_pin rise edge)
                                                      0.000     0.000 r  
    E3                                                0.000     0.000 r  clk (IN)
                         net (fo=0)                   0.000     0.000    clk
    E3                   IBUF (Prop_ibuf_I_O)         0.438     0.438 r  clk_IBUF_inst/O
                         net (fo=1, routed)           0.699     1.136    clk_IBUF
    BUFGCTRL_X0Y16       BUFG (Prop_bufg_I_O)         0.029     1.165 r  clk_IBUF_BUFG_inst/O
                         net (fo=2353, routed)        0.837     2.002    Core/clk_IBUF_BUFG
    SLICE_X46Y96         FDCE                                         r  Core/nonce_reg[98]/C

Slack:                    inf
  Source:                 nonce[97]
                            (input port)
  Destination:            Core/nonce_reg[97]/D
                            (rising edge-triggered cell FDCE clocked by sys_clk_pin  {rise@0.000ns fall@5.000ns period=10.000ns})
  Path Group:             (none)
  Path Type:              Hold (Min at Fast Process Corner)
  Data Path Delay:        1.226ns  (logic 0.248ns (20.209%)  route 0.978ns (79.791%))
  Logic Levels:           2  (IBUF=1 LUT5=1)
  Clock Path Skew:        2.003ns (DCD - SCD - CPR)
    Destination Clock Delay (DCD):    2.003ns
    Source Clock Delay      (SCD):    0.000ns
    Clock Pessimism Removal (CPR):    -0.000ns

    Location             Delay type                Incr(ns)  Path(ns)    Netlist Resource(s)
  -------------------------------------------------------------------    -------------------
    K18                                               0.000     0.000 r  nonce[97] (IN)
                         net (fo=0)                   0.000     0.000    nonce[97]
    K18                  IBUF (Prop_ibuf_I_O)         0.203     0.203 r  nonce_IBUF[97]_inst/O
                         net (fo=1, routed)           0.978     1.181    Core/nonce_IBUF[97]
    SLICE_X43Y93         LUT5 (Prop_lut5_I4_O)        0.045     1.226 r  Core/nonce[97]_i_1/O
                         net (fo=1, routed)           0.000     1.226    Core/nonce[97]_i_1_n_0
    SLICE_X43Y93         FDCE                                         r  Core/nonce_reg[97]/D
  -------------------------------------------------------------------    -------------------

                         (clock sys_clk_pin rise edge)
                                                      0.000     0.000 r  
    E3                                                0.000     0.000 r  clk (IN)
                         net (fo=0)                   0.000     0.000    clk
    E3                   IBUF (Prop_ibuf_I_O)         0.438     0.438 r  clk_IBUF_inst/O
                         net (fo=1, routed)           0.699     1.136    clk_IBUF
    BUFGCTRL_X0Y16       BUFG (Prop_bufg_I_O)         0.029     1.165 r  clk_IBUF_BUFG_inst/O
                         net (fo=2353, routed)        0.838     2.003    Core/clk_IBUF_BUFG
    SLICE_X43Y93         FDCE                                         r  Core/nonce_reg[97]/C

Slack:                    inf
  Source:                 nonce[88]
                            (input port)
  Destination:            Core/nonce_reg[88]/D
                            (rising edge-triggered cell FDCE clocked by sys_clk_pin  {rise@0.000ns fall@5.000ns period=10.000ns})
  Path Group:             (none)
  Path Type:              Hold (Min at Fast Process Corner)
  Data Path Delay:        1.226ns  (logic 0.238ns (19.439%)  route 0.988ns (80.561%))
  Logic Levels:           2  (IBUF=1 LUT5=1)
  Clock Path Skew:        2.004ns (DCD - SCD - CPR)
    Destination Clock Delay (DCD):    2.004ns
    Source Clock Delay      (SCD):    0.000ns
    Clock Pessimism Removal (CPR):    -0.000ns

    Location             Delay type                Incr(ns)  Path(ns)    Netlist Resource(s)
  -------------------------------------------------------------------    -------------------
    L13                                               0.000     0.000 r  nonce[88] (IN)
                         net (fo=0)                   0.000     0.000    nonce[88]
    L13                  IBUF (Prop_ibuf_I_O)         0.193     0.193 r  nonce_IBUF[88]_inst/O
                         net (fo=1, routed)           0.988     1.181    Core/nonce_IBUF[88]
    SLICE_X39Y91         LUT5 (Prop_lut5_I4_O)        0.045     1.226 r  Core/nonce[88]_i_1/O
                         net (fo=1, routed)           0.000     1.226    Core/nonce[88]_i_1_n_0
    SLICE_X39Y91         FDCE                                         r  Core/nonce_reg[88]/D
  -------------------------------------------------------------------    -------------------

                         (clock sys_clk_pin rise edge)
                                                      0.000     0.000 r  
    E3                                                0.000     0.000 r  clk (IN)
                         net (fo=0)                   0.000     0.000    clk
    E3                   IBUF (Prop_ibuf_I_O)         0.438     0.438 r  clk_IBUF_inst/O
                         net (fo=1, routed)           0.699     1.136    clk_IBUF
    BUFGCTRL_X0Y16       BUFG (Prop_bufg_I_O)         0.029     1.165 r  clk_IBUF_BUFG_inst/O
                         net (fo=2353, routed)        0.839     2.004    Core/clk_IBUF_BUFG
    SLICE_X39Y91         FDCE                                         r  Core/nonce_reg[88]/C

Slack:                    inf
  Source:                 nonce[80]
                            (input port)
  Destination:            Core/nonce_reg[80]/D
                            (rising edge-triggered cell FDCE clocked by sys_clk_pin  {rise@0.000ns fall@5.000ns period=10.000ns})
  Path Group:             (none)
  Path Type:              Hold (Min at Fast Process Corner)
  Data Path Delay:        1.253ns  (logic 0.225ns (17.966%)  route 1.028ns (82.034%))
  Logic Levels:           2  (IBUF=1 LUT5=1)
  Clock Path Skew:        2.002ns (DCD - SCD - CPR)
    Destination Clock Delay (DCD):    2.002ns
    Source Clock Delay      (SCD):    0.000ns
    Clock Pessimism Removal (CPR):    -0.000ns

    Location             Delay type                Incr(ns)  Path(ns)    Netlist Resource(s)
  -------------------------------------------------------------------    -------------------
    M16                                               0.000     0.000 r  nonce[80] (IN)
                         net (fo=0)                   0.000     0.000    nonce[80]
    M16                  IBUF (Prop_ibuf_I_O)         0.180     0.180 r  nonce_IBUF[80]_inst/O
                         net (fo=1, routed)           1.028     1.208    Core/nonce_IBUF[80]
    SLICE_X44Y91         LUT5 (Prop_lut5_I4_O)        0.045     1.253 r  Core/nonce[80]_i_1/O
                         net (fo=1, routed)           0.000     1.253    Core/nonce[80]_i_1_n_0
    SLICE_X44Y91         FDCE                                         r  Core/nonce_reg[80]/D
  -------------------------------------------------------------------    -------------------

                         (clock sys_clk_pin rise edge)
                                                      0.000     0.000 r  
    E3                                                0.000     0.000 r  clk (IN)
                         net (fo=0)                   0.000     0.000    clk
    E3                   IBUF (Prop_ibuf_I_O)         0.438     0.438 r  clk_IBUF_inst/O
                         net (fo=1, routed)           0.699     1.136    clk_IBUF
    BUFGCTRL_X0Y16       BUFG (Prop_bufg_I_O)         0.029     1.165 r  clk_IBUF_BUFG_inst/O
                         net (fo=2353, routed)        0.837     2.002    Core/clk_IBUF_BUFG
    SLICE_X44Y91         FDCE                                         r  Core/nonce_reg[80]/C





